http://www.fintrac-canafe.gc.ca/publications/PD/cd/det-eng.asp?ID=372,"Financial Transactions and Reports Analysis Centre of Canada","Cistel Technology Inc.",06002-08-0170,2008-10-01,"0491 - Temporary Help Services","2008-10-06 to 2009-01-15",,82500.00,
http://www.fintrac-canafe.gc.ca/publications/PD/cd/det-eng.asp?ID=378,"Financial Transactions and Reports Analysis Centre of Canada","Lord Elgin Hotel",06002-08-0210,2008-10-06,"0448 - Training","2008-12-02 to 2008-12-05",,21374.50,
http://www.fintrac-canafe.gc.ca/publications/PD/cd/det-eng.asp?ID=379,"Financial Transactions and Reports Analysis Centre of Canada","Houle Rutherford Consulting Inc.",06002-08-0212,2008-10-07,"0499 - Professional Services","2008-10-08 to 2008-12-15",,15750.00,
http://www.fintrac-canafe.gc.ca/publications/PD/cd/det-eng.asp?ID=373,"Financial Transactions and Reports Analysis Centre of Canada",ComXel,06002-08-0216,2008-10-09,"1226 - Maintenance Renewal","2008-10-09 to 2009-10-08",,23446.00,
http://www.fintrac-canafe.gc.ca/publications/PD/cd/det-eng.asp?ID=370,"Financial Transactions and Reports Analysis Centre of Canada",HRWARE,06002-08-0223,2008-10-14,"1226 - Maintenance Renewal","2008-11-01 to 2009-03-31",,13185.00,
http://www.fintrac-canafe.gc.ca/publications/PD/cd/det-eng.asp?ID=367,"Financial Transactions and Reports Analysis Centre of Canada","Top Box Consultants",06002-08-0228,2008-10-21,"0448 - Financial Management Training Package","2008-11-24 to 2009-01-31",,18500.00,
http://www.fintrac-canafe.gc.ca/publications/PD/cd/det-eng.asp?ID=366,"Financial Transactions and Reports Analysis Centre of Canada","Peter J. Kindree Architect",06002-08-0241,2008-10-31,"0421 - Feasibility Study/Schematic Design","2008-10-31 to 2009-03-01",,20400.00,
http://www.fintrac-canafe.gc.ca/publications/PD/cd/det-eng.asp?ID=363,"Financial Transactions and Reports Analysis Centre of Canada","Barbara Personnel",06002-08-0242,2008-11-03,"0491 - Temporary Help Services","2008-12-01 to 2009-03-31",,37570.50,
http://www.fintrac-canafe.gc.ca/publications/PD/cd/det-eng.asp?ID=365,"Financial Transactions and Reports Analysis Centre of Canada",Cygnos,06002-08-0246,2008-11-04,"0499 - Business Continuity Plan","2008-12-17 to 2009-03-31",,47275.00,
http://www.fintrac-canafe.gc.ca/publications/PD/cd/det-eng.asp?ID=375,"Financial Transactions and Reports Analysis Centre of Canada","Infolaser Ottawa Inc.",06002-08-0256,2008-11-24,"1227 - Computer Equipment",,2008-12-29,12060.00,
http://www.fintrac-canafe.gc.ca/publications/PD/cd/det-eng.asp?ID=377,"Financial Transactions and Reports Analysis Centre of Canada","Northern Micro Inc.",06002-08-0257,2008-11-24,"1227 - Computer Equipment",,2008-12-29,92065.00,
http://www.fintrac-canafe.gc.ca/publications/PD/cd/det-eng.asp?ID=374,"Financial Transactions and Reports Analysis Centre of Canada","Dell Computer Corporation",06002-08-0265,2008-12-02,"1227 - Computer Equipment",,2009-01-12,22500.00,
http://www.fintrac-canafe.gc.ca/publications/PD/cd/det-eng.asp?ID=376,"Financial Transactions and Reports Analysis Centre of Canada","Laurier Computers",06002-08-0267,2008-12-02,"1227 - Computer Equipment",,2008-12-16,18200.00,
http://www.fintrac-canafe.gc.ca/publications/PD/cd/det-eng.asp?ID=369,"Financial Transactions and Reports Analysis Centre of Canada","Hay Group Ltd.",06002-08-0279,2008-12-15,"0499 - Revision of Accountability Profiles","2008-12-16 to 2009-03-31",,71503.00,
http://www.fintrac-canafe.gc.ca/publications/PD/cd/det-eng.asp?ID=364,"Financial Transactions and Reports Analysis Centre of Canada","Barbara Personnel",06002-08-0261,2008-12-16,"0491 - Temporary Help Services","2008-12-17 to 2009-03-31",,14796.00,
http://www.fintrac-canafe.gc.ca/publications/PD/cd/det-eng.asp?ID=362,"Financial Transactions and Reports Analysis Centre of Canada","Adirondack Technologies",06002-08-0292,2008-12-23,"1231 - Furniture",,2009-02-13,224268.00,
http://www.fintrac-canafe.gc.ca/publications/PD/cd/det-eng.asp?ID=380,"Financial Transactions and Reports Analysis Centre of Canada","Montjoy Consulting, Inc.",06002-08-0294,2008-12-30,"0499 - Professional Services","2008-12-30 to 2009-02-22",,23800.00,
http://www.fintrac-canafe.gc.ca/publications/PD/cd/det-eng.asp?ID=368,"Financial Transactions and Reports Analysis Centre of Canada","Berlitz Language Centre",06002-08-0298,2008-12-31,"0447 - Language Training","2009-01-19 to 2010-03-31",,12429.00,
http://www.fintrac-canafe.gc.ca/publications/PD/cd/det-eng.asp?ID=355,"Financial Transactions and Reports Analysis Centre of Canada","KPMG LLP",06002-08-0118,2008-07-01,"0499 - Audit Financial Statements","2008-07-14 to 2008-09-30",,23100.00,
http://www.fintrac-canafe.gc.ca/publications/PD/cd/det-eng.asp?ID=352,"Financial Transactions and Reports Analysis Centre of Canada","Gilmore Printing Services Inc.",06002-08-0129,2008-07-23,"0331 - Printing Services",,2008-07-31,47706.00,
http://www.fintrac-canafe.gc.ca/publications/PD/cd/det-eng.asp?ID=359,"Financial Transactions and Reports Analysis Centre of Canada","TeraMach Technologies Inc.",06002-08-0153,2008-07-30,"0670 - Hardware and Software Maintenance Renewal","2008-07-31 to 2009-07-30",,13120.00,
http://www.fintrac-canafe.gc.ca/publications/PD/cd/det-eng.asp?ID=353,"Financial Transactions and Reports Analysis Centre of Canada","Neopost Canada",06002-08-0157,2008-07-30,"0212 - Postage fees",,2008-08-05,12945.92,
http://www.fintrac-canafe.gc.ca/publications/PD/cd/det-eng.asp?ID=350,"Financial Transactions and Reports Analysis Centre of Canada","KPMG LLP",06002-08-0162,2008-08-08,"0499 - Strategic planning","2008-08-08 to 2008-12-31",,63000.00,
http://www.fintrac-canafe.gc.ca/publications/PD/cd/det-eng.asp?ID=360,"Financial Transactions and Reports Analysis Centre of Canada","Cognos Inc.",06002-08-0166,2008-08-15,"0670 - Software Maintenance Renewal","2008-08-31 to 2009-08-30",,56815.67,
http://www.fintrac-canafe.gc.ca/publications/PD/cd/det-eng.asp?ID=348,"Financial Transactions and Reports Analysis Centre of Canada","QMR Staffing Services Incorporated",06002-08-0165,2008-08-20,"0491 - Temporary Help Services","2008-09-02 to 2008-12-31",,69500.00,
http://www.fintrac-canafe.gc.ca/publications/PD/cd/det-eng.asp?ID=354,"Financial Transactions and Reports Analysis Centre of Canada","Adirondack Technologies",06002-08-0184,2008-09-05,"1231 - Storage &amp; Assets Management Costs",,2008-09-17,16110.00,
http://www.fintrac-canafe.gc.ca/publications/PD/cd/det-eng.asp?ID=351,"Financial Transactions and Reports Analysis Centre of Canada","Galbraith Communications",06002-08-0186,2008-09-19,"1231 - Webinars","2008-09-22 to 2008-12-15",,33200.00,
http://www.fintrac-canafe.gc.ca/publications/PD/cd/det-eng.asp?ID=337,"Financial Transactions and Reports Analysis Centre of Canada","Galbraith Communications",06002-08-0029,2008-04-01,"1231 - New Initiatives Webinars","2008-04-01 to 2008-05-30",,28200.00,
http://www.fintrac-canafe.gc.ca/publications/PD/cd/det-eng.asp?ID=344,"Financial Transactions and Reports Analysis Centre of Canada","Ideal Parking Inc.",06002-08-0071,2008-04-01,"0511 - Rental of Parking Space","2008-04-01 to 2009-03-31",,34818.97,
http://www.fintrac-canafe.gc.ca/publications/PD/cd/det-eng.asp?ID=343,"Financial Transactions and Reports Analysis Centre of Canada","Gestipark Inc.",06002-08-0070,2008-04-01,"0511 - Rental of Parking Space","2008-04-01 to 2009-03-31",,10537.13,
http://www.fintrac-canafe.gc.ca/publications/PD/cd/det-eng.asp?ID=341,"Financial Transactions and Reports Analysis Centre of Canada",Shred-it,06002-08-0022,2008-04-01,"1239 - Document Disposal","2008-04-01 to 2009-03-31",,27253.59,
http://www.fintrac-canafe.gc.ca/publications/PD/cd/det-eng.asp?ID=340,"Financial Transactions and Reports Analysis Centre of Canada","North American Security Services",06002-08-0007,2008-04-01,"0499 - Security Services","2008-04-01 to 2009-03-31",,64716.45,
http://www.fintrac-canafe.gc.ca/publications/PD/cd/det-eng.asp?ID=331,"Financial Transactions and Reports Analysis Centre of Canada","Capello Audio Electronics Ltd.",06002-08-0086,2008-04-01,"0332 - Repair / Maintenance of Telecommunication Equipment","2008-04-01 to 2009-03-31",,37375.05,
http://www.fintrac-canafe.gc.ca/publications/PD/cd/det-eng.asp?ID=330,"Financial Transactions and Reports Analysis Centre of Canada","Commvault Systems Canada",06002-08-0002,2008-04-01,"0670 - Repair / Maintenance of Software","2008-04-01 to 2009-03-31",,16851.71,
http://www.fintrac-canafe.gc.ca/publications/PD/cd/det-eng.asp?ID=335,"Financial Transactions and Reports Analysis Centre of Canada","Peter Maitland",06002-08-0006,2008-04-01,"0499 - Professional Services","2008-04-01 to 2008-09-01",,11760.00,
http://www.fintrac-canafe.gc.ca/publications/PD/cd/det-eng.asp?ID=342,"Financial Transactions and Reports Analysis Centre of Canada","QMR Staffing Solutions Inc.",06002-08-0050,2008-04-24,"0491 - Temporary Help Services","2008-04-24 to 2008-06-30",,69615.00,
http://www.fintrac-canafe.gc.ca/publications/PD/cd/det-eng.asp?ID=346,"Financial Transactions and Reports Analysis Centre of Canada","KWA Partners",06002-08-0079,2008-05-09,"0499 - Career Counselling","2008-05-09 to 2009-03-31",,24380.00,
http://www.fintrac-canafe.gc.ca/publications/PD/cd/det-eng.asp?ID=345,"Financial Transactions and Reports Analysis Centre of Canada","Right Management Consultants",06002-08-0078,2008-05-09,"0499 - Career Counselling","2008-05-09 to 2009-03-31",,24380.00,
http://www.fintrac-canafe.gc.ca/publications/PD/cd/det-eng.asp?ID=347,"Financial Transactions and Reports Analysis Centre of Canada","Drake Beam Morin",06002-08-0080,2008-05-09,"0499 - Career Counselling","2008-05-09 to 2009-03-31",,24380.00,
http://www.fintrac-canafe.gc.ca/publications/PD/cd/det-eng.asp?ID=339,"Financial Transactions and Reports Analysis Centre of Canada","Intercontinental Toronto Centre",06002-08-0082,2008-05-15,"0570 - Conference Room Rentals",,2008-10-25,27160.88,
http://www.fintrac-canafe.gc.ca/publications/PD/cd/det-eng.asp?ID=336,"Financial Transactions and Reports Analysis Centre of Canada","GLS Dezign Inc.",06002-08-0051,2008-06-10,"0331 - Annual Report for 2007-2008","2008-06-10 to 2008-11-28",,52363.50,
http://www.fintrac-canafe.gc.ca/publications/PD/cd/det-eng.asp?ID=334,"Financial Transactions and Reports Analysis Centre of Canada","Brainhunter Ottawa",06002-08-0111,2008-06-12,"0491 - Temporary Help Services","2008-06-16 to 2008-10-24",,83850.00,
http://www.fintrac-canafe.gc.ca/publications/PD/cd/det-eng.asp?ID=338,"Financial Transactions and Reports Analysis Centre of Canada","Dollco Printing",06002-08-0108,2008-06-12,"0331 - Printing",,2008-06-19,11722.56,
http://www.fintrac-canafe.gc.ca/publications/PD/cd/det-eng.asp?ID=333,"Financial Transactions and Reports Analysis Centre of Canada","Pleiad Canada Inc.",06002-08-0110,2008-06-13,"0491 - Temporary Help Services","2008-06-16 to 2008-10-17",,88252.50,
http://www.fintrac-canafe.gc.ca/publications/PD/cd/det-eng.asp?ID=332,"Financial Transactions and Reports Analysis Centre of Canada","Xerox Canada Ltd.",06002-08-0116,2008-06-26,"0533 - Rental photocopiers and Other Office Equipment","2008-06-30 to 2013-06-29",,25956.00,
http://www.fintrac-canafe.gc.ca/publications/PD/cd/det-eng.asp?ID=310,"Financial Transactions and Reports Analysis Centre of Canada","Contract Furniture Source",06002-07-0397,2008-01-04,"1231 - Office Panel Systems &amp; Ability Product",,2008-01-25,17348.41,
http://www.fintrac-canafe.gc.ca/publications/PD/cd/det-eng.asp?ID=285,"Financial Transactions and Reports Analysis Centre of Canada","Canada Privacy Services Inc.",06002-07-0376,2008-01-08,"0499 - Privacy Impact Assessment","2008-01-08 to 2008-03-14",,23400.00,
http://www.fintrac-canafe.gc.ca/publications/PD/cd/det-eng.asp?ID=311,"Financial Transactions and Reports Analysis Centre of Canada","Teknion Furniture Systems",06002-07-0403,2008-01-09,"1231 - Teknion Panel Systems for 26th Floor",,2008-03-28,136908.36,
http://www.fintrac-canafe.gc.ca/publications/PD/cd/det-eng.asp?ID=312,"Financial Transactions and Reports Analysis Centre of Canada","Teknion Furniture Systems",06002-07-0406,2008-01-09,"1231 - Ability Products for the 26th Floor",,2008-03-21,23787.94,
http://www.fintrac-canafe.gc.ca/publications/PD/cd/det-eng.asp?ID=313,"Financial Transactions and Reports Analysis Centre of Canada","Teknion Furniture Systems",06002-07-0410,2008-01-10,"1231 - Reconfiguration of the 26th Floor",,2008-03-21,13761.04,
http://www.fintrac-canafe.gc.ca/publications/PD/cd/det-eng.asp?ID=306,"Financial Transactions and Reports Analysis Centre of Canada","Brainhunter Ottawa",06002-07-0413,2008-01-11,"0491 - Temporary Help Services","2008-01-14 to 2008-03-31",,49000.00,
http://www.fintrac-canafe.gc.ca/publications/PD/cd/det-eng.asp?ID=307,"Financial Transactions and Reports Analysis Centre of Canada","Pleiad Canada Inc.",06002-07-0420,2008-01-15,"0491 - Temporary Help Services","2008-01-21 to 2008-03-31",,53000.00,
http://www.fintrac-canafe.gc.ca/publications/PD/cd/det-eng.asp?ID=314,"Financial Transactions and Reports Analysis Centre of Canada","Global Upholstery",06002-07-0419,2008-01-15,"1231 - Lateral Security filing Cabinet",,2008-02-08,9379.99,
http://www.fintrac-canafe.gc.ca/publications/PD/cd/det-eng.asp?ID=304,"Financial Transactions and Reports Analysis Centre of Canada","Collective Minds",06002-07-0422,2008-01-16,"0499 - Configuration Management Strategy","2008-01-16 to 2008-03-31",,15000.00,
http://www.fintrac-canafe.gc.ca/publications/PD/cd/det-eng.asp?ID=290,"Financial Transactions and Reports Analysis Centre of Canada","Hewlett Packard",06002-07-0431,2008-01-18,"0499 - Consulting Services","2008-01-16 to 2008-03-31",,69000.00,
http://www.fintrac-canafe.gc.ca/publications/PD/cd/det-eng.asp?ID=305,"Financial Transactions and Reports Analysis Centre of Canada","Excel HR",06002-07-0430,2008-01-18,"0491 - Temporary Help Services","2008-01-21 to 2008-03-31",,50949.00,
http://www.fintrac-canafe.gc.ca/publications/PD/cd/det-eng.asp?ID=291,"Financial Transactions and Reports Analysis Centre of Canada","Hwave An alliant Company",06002-07-0434,2008-01-22,"1227 - Computer Equipment",,2008-02-15,68000.00,
http://www.fintrac-canafe.gc.ca/publications/PD/cd/det-eng.asp?ID=315,"Financial Transactions and Reports Analysis Centre of Canada","Gunnebo Security Inc.",06002-07-0443,2008-01-23,"1231 - Safes",,2008-03-31,10755.00,
http://www.fintrac-canafe.gc.ca/publications/PD/cd/det-eng.asp?ID=292,"Financial Transactions and Reports Analysis Centre of Canada","TeraMach Technologies Inc.",06002-07-0449,2008-01-28,"1227 - Computer Equipment",,2008-02-25,160358.40,
http://www.fintrac-canafe.gc.ca/publications/PD/cd/det-eng.asp?ID=288,"Financial Transactions and Reports Analysis Centre of Canada","University of Ottawa",06002-07-0455,2008-01-29,"0499 - Contract Research","2008-01-31 to 2008-03-27",,12050.00,
http://www.fintrac-canafe.gc.ca/publications/PD/cd/det-eng.asp?ID=329,"Financial Transactions and Reports Analysis Centre of Canada","Amtac Professional Services Pty Ltd.",06002-07-0454,2008-01-29,"0499 - Graphic Design Services","2008-02-01 to 2008-02-21",,22800.00,
http://www.fintrac-canafe.gc.ca/publications/PD/cd/det-eng.asp?ID=293,"Financial Transactions and Reports Analysis Centre of Canada","Softchoice Corporation",06002-07-0459,2008-01-31,"0670 - Software Assurance",,2008-03-21,17264.00,
http://www.fintrac-canafe.gc.ca/publications/PD/cd/det-eng.asp?ID=284,"Financial Transactions and Reports Analysis Centre of Canada","Advanced Policy Concepts Inc.",06002-07-0458,2008-01-31,"0499 - Professional Services","2008-01-31 to 2008-03-31",,22500.00,
http://www.fintrac-canafe.gc.ca/publications/PD/cd/det-eng.asp?ID=309,"Financial Transactions and Reports Analysis Centre of Canada","University of Ottawa",06002-07-0521,2008-02-01,"0448 - Training","2008-02-01 to 2008-12-31",,34650.00,
http://www.fintrac-canafe.gc.ca/publications/PD/cd/det-eng.asp?ID=295,"Financial Transactions and Reports Analysis Centre of Canada","Embarcadero Technologies Inc.",06002-07-0465,2008-02-04,"0670 - Software",,2008-02-18,12857.00,
http://www.fintrac-canafe.gc.ca/publications/PD/cd/det-eng.asp?ID=294,"Financial Transactions and Reports Analysis Centre of Canada","Telelogic North America Inc.",06002-07-0464,2008-02-04,"0670 - Software",,2008-02-15,129560.00,
http://www.fintrac-canafe.gc.ca/publications/PD/cd/det-eng.asp?ID=296,"Financial Transactions and Reports Analysis Centre of Canada","Oracle Corporation Canada Inc.",06002-07-0467,2008-02-05,"0448 - Training","2008-02-25 to 2008-02-29",,24000.00,
http://www.fintrac-canafe.gc.ca/publications/PD/cd/det-eng.asp?ID=297,"Financial Transactions and Reports Analysis Centre of Canada","Forrester Research Inc.",06002-07-0485,2008-02-12,"0670 - Maintenance","2008-03-30 to 2009-03-31",,37361.25,
http://www.fintrac-canafe.gc.ca/publications/PD/cd/det-eng.asp?ID=321,"Financial Transactions and Reports Analysis Centre of Canada","Promomedia Group Inc.",06002-07-0489,2008-02-13,"0309 - Promotional Items: Helix Pens &amp; Pads",,2008-02-27,10840.00,
http://www.fintrac-canafe.gc.ca/publications/PD/cd/det-eng.asp?ID=298,"Financial Transactions and Reports Analysis Centre of Canada","Raven IT Security",06002-07-0486,2008-02-13,"0499 - Security Consulting Services","2008-03-12 to 2008-03-31",,22950.00,
http://www.fintrac-canafe.gc.ca/publications/PD/cd/det-eng.asp?ID=322,"Financial Transactions and Reports Analysis Centre of Canada","Bell Canada",06002-07-0498,2008-02-15,"0491 - Threat and Risk assessment","2008-02-18 to 2008-03-31",,23782.25,
http://www.fintrac-canafe.gc.ca/publications/PD/cd/det-eng.asp?ID=324,"Financial Transactions and Reports Analysis Centre of Canada","AEPOS Technologies Corp.",06002-07-0500,2008-02-15,"0491 - Threat and Risk assessment","2008-02-18 to 2008-04-30",,23795.00,
http://www.fintrac-canafe.gc.ca/publications/PD/cd/det-eng.asp?ID=323,"Financial Transactions and Reports Analysis Centre of Canada","TRM Technologies",06002-07-0499,2008-02-15,"0491 - Threat and Risk assessment","2008-02-18 to 2008-03-31",,22600.00,
http://www.fintrac-canafe.gc.ca/publications/PD/cd/det-eng.asp?ID=316,"Financial Transactions and Reports Analysis Centre of Canada","Krug Furniture Inc.",06002-07-0510,2008-02-21,"1231 - Furniture",,2008-03-28,12480.92,
http://www.fintrac-canafe.gc.ca/publications/PD/cd/det-eng.asp?ID=308,"Financial Transactions and Reports Analysis Centre of Canada","Hay Group Ltd.",06002-07-0511,2008-02-22,"0499 - Job Evaluation","2008-02-25 to 2008-04-25",,57200.00,
http://www.fintrac-canafe.gc.ca/publications/PD/cd/det-eng.asp?ID=317,"Financial Transactions and Reports Analysis Centre of Canada","Steel Case",06002-07-0519,2008-02-27,"1231 - Purchase of 34 new task chairs",,2008-03-28,23317.20,
http://www.fintrac-canafe.gc.ca/publications/PD/cd/det-eng.asp?ID=325,"Financial Transactions and Reports Analysis Centre of Canada","Bell Canada",06002-07-0523,2008-02-29,"0499 - Security Services","2008-03-03 to 2008-03-31",,23592.00,
http://www.fintrac-canafe.gc.ca/publications/PD/cd/det-eng.asp?ID=326,"Financial Transactions and Reports Analysis Centre of Canada","Donna Cona",06002-07-0524,2008-02-29,"0499 - Security Services","2008-03-03 to 2008-03-31",,23782.25,
http://www.fintrac-canafe.gc.ca/publications/PD/cd/det-eng.asp?ID=302,"Financial Transactions and Reports Analysis Centre of Canada","FrontRange Solutions USA Inc.",06002-07-0555,2008-03-01,"0670 - Maintenance Renewal","2008-03-01 to 2009-02-28",,30317.40,
http://www.fintrac-canafe.gc.ca/publications/PD/cd/det-eng.asp?ID=289,"Financial Transactions and Reports Analysis Centre of Canada",IBM,06002-07-0528,2008-03-03,"0499 - Security Services","2008-03-04 to 2008-03-31",,23750.00,
http://www.fintrac-canafe.gc.ca/publications/PD/cd/det-eng.asp?ID=327,"Financial Transactions and Reports Analysis Centre of Canada","Bell Canada",06002-07-0529,2008-03-03,"0499 - Security Services","2008-03-03 to 2008-03-31",,23782.25,
http://www.fintrac-canafe.gc.ca/publications/PD/cd/det-eng.asp?ID=319,"Financial Transactions and Reports Analysis Centre of Canada","ARC THE HOTEL",06002-07-0553,2008-03-04,"0447 - Assistance Workshop","2008-03-04 to 2008-03-07",,10833.00,
http://www.fintrac-canafe.gc.ca/publications/PD/cd/det-eng.asp?ID=299,"Financial Transactions and Reports Analysis Centre of Canada","Laurier Computers",06002-07-0532,2008-03-04,"1227 - Computer Equipment",,2008-03-17,10175.00,
http://www.fintrac-canafe.gc.ca/publications/PD/cd/det-eng.asp?ID=286,"Financial Transactions and Reports Analysis Centre of Canada","Intersol Group Ltd.",06002-07-0531,2008-03-04,"0499 - Retreat facilitation","2008-03-04 to 2008-03-31",,10725.00,
http://www.fintrac-canafe.gc.ca/publications/PD/cd/det-eng.asp?ID=318,"Financial Transactions and Reports Analysis Centre of Canada","All Seating Corporation",06002-07-0537,2008-03-06,"1231 - Conference chairs",,2008-03-28,11852.00,
http://www.fintrac-canafe.gc.ca/publications/PD/cd/det-eng.asp?ID=328,"Financial Transactions and Reports Analysis Centre of Canada","AFSC Inc.",06002-07-0542,2008-03-06,"0460 - Security Equipment",,2008-03-31,13605.00,
http://www.fintrac-canafe.gc.ca/publications/PD/cd/det-eng.asp?ID=320,"Financial Transactions and Reports Analysis Centre of Canada","ARC THE HOTEL",06002-07-0556,2008-03-10,"0447 - Financial Intelligence Analysis Course","2008-03-10 to 2008-03-14",,13134.00,
http://www.fintrac-canafe.gc.ca/publications/PD/cd/det-eng.asp?ID=300,"Financial Transactions and Reports Analysis Centre of Canada","Cognos Inc.",06002-07-0551,2008-03-11,"0670 - Software Maintenance","2008-03-31 to 2009-03-30",,20559.10,
http://www.fintrac-canafe.gc.ca/publications/PD/cd/det-eng.asp?ID=303,"Financial Transactions and Reports Analysis Centre of Canada","Softchoice Corporation",06002-07-0558,2008-03-13,"0670 - Software Support Services","2008-03-13 to 2009-03-12",,19995.00,
http://www.fintrac-canafe.gc.ca/publications/PD/cd/det-eng.asp?ID=301,"Financial Transactions and Reports Analysis Centre of Canada","Combat Networks",06002-07-0554,2008-03-13,"1227 - Computer Equipment",,2008-03-31,10218.00,
http://www.fintrac-canafe.gc.ca/publications/PD/cd/det-eng.asp?ID=287,"Financial Transactions and Reports Analysis Centre of Canada","Intersol Group Ltd.",06002-07-0549,2008-03-25,"0448 - Training Plan","2008-03-31 to 2008-05-30",,23100.00,
http://www.fintrac-canafe.gc.ca/publications/PD/cd/det-eng.asp?ID=264,"Financial Transactions and Reports Analysis Centre of Canada","Advanced Policy Concepts Inc.",06002-07-0284,2007-10-01,"0499 - Professional Services","2007-10-01 to 2007-11-30",,20700.00,
http://www.fintrac-canafe.gc.ca/publications/PD/cd/det-eng.asp?ID=273,"Financial Transactions and Reports Analysis Centre of Canada","Advanced Policy Concepts Inc.",06002-07-0312,2007-10-01,"0499 - Professional Services","2007-10-01 to 2008-03-31",,18000.00,
http://www.fintrac-canafe.gc.ca/publications/PD/cd/det-eng.asp?ID=275,"Financial Transactions and Reports Analysis Centre of Canada",HRWARE,06002-07-0285,2007-10-04,"1226 - Annual Maintenance","2007-11-15 to 2008-11-14",,13185.00,
http://www.fintrac-canafe.gc.ca/publications/PD/cd/det-eng.asp?ID=265,"Financial Transactions and Reports Analysis Centre of Canada","Cognos Inc.",06002-07-0247,2007-10-09,"0670 - Software Licences",,2007-10-23,59210.00,
http://www.fintrac-canafe.gc.ca/publications/PD/cd/det-eng.asp?ID=266,"Financial Transactions and Reports Analysis Centre of Canada","Softchoice Corporation",06002-07-0299,2007-10-12,"0670 - Software Licences",,2007-10-26,10745.00,
http://www.fintrac-canafe.gc.ca/publications/PD/cd/det-eng.asp?ID=277,"Financial Transactions and Reports Analysis Centre of Canada","Gunnebo Security Inc.",06002-07-0301,2007-10-16,"1231 - Safes",,2007-10-30,49375.00,
http://www.fintrac-canafe.gc.ca/publications/PD/cd/det-eng.asp?ID=267,"Financial Transactions and Reports Analysis Centre of Canada","Xerox Canada Ltd.",06002-07-0300,2007-10-16,"1227 - Computers",,2007-10-31,87503.25,
http://www.fintrac-canafe.gc.ca/publications/PD/cd/det-eng.asp?ID=268,"Financial Transactions and Reports Analysis Centre of Canada","TopQuadrant Inc.",06002-07-0306,2007-10-17,"0670 - Software Licences",,2007-10-31,29680.81,
http://www.fintrac-canafe.gc.ca/publications/PD/cd/det-eng.asp?ID=262,"Financial Transactions and Reports Analysis Centre of Canada","CGI Information Systems and Management Consultants",06002-07-0310,2007-10-19,"0499 - Professional Services","2007-10-19 to 2008-03-31",,19000.00,
http://www.fintrac-canafe.gc.ca/publications/PD/cd/det-eng.asp?ID=274,"Financial Transactions and Reports Analysis Centre of Canada","Groupe Intersol Group",06002-07-0313,2007-10-23,"0444 - Facilitator","2007-10-23 to 2007-11-15",,9900.00,
http://www.fintrac-canafe.gc.ca/publications/PD/cd/det-eng.asp?ID=281,"Financial Transactions and Reports Analysis Centre of Canada","ARC THE HOTEL",06002-07-0323,2007-10-29,"0448 - Training","2007-10-29 to 2007-11-02",,9512.39,
http://www.fintrac-canafe.gc.ca/publications/PD/cd/det-eng.asp?ID=272,"Financial Transactions and Reports Analysis Centre of Canada","Fairmont Chateau Montebello",06002-07-0307,2007-10-31,"0570 - Conference","2007-11-01 to 2007-11-02",,18075.00,
http://www.fintrac-canafe.gc.ca/publications/PD/cd/det-eng.asp?ID=269,"Financial Transactions and Reports Analysis Centre of Canada","Printers Plus",06002-07-0335,2007-11-01,"1227 - Computers",,2007-11-09,18954.00,
http://www.fintrac-canafe.gc.ca/publications/PD/cd/det-eng.asp?ID=282,"Financial Transactions and Reports Analysis Centre of Canada","Gilmore Doculink International",06002-07-0341,2007-11-09,"0210 - Warehousing &amp; Distributions","2007-12-10 to 2008-12-09",,25000.00,
http://www.fintrac-canafe.gc.ca/publications/PD/cd/det-eng.asp?ID=270,"Financial Transactions and Reports Analysis Centre of Canada","Capello Audio Electronics Ltd.",06002-07-0345,2007-11-13,"0332 - Audio Visual Equipment",,2007-12-04,21970.00,
http://www.fintrac-canafe.gc.ca/publications/PD/cd/det-eng.asp?ID=283,"Financial Transactions and Reports Analysis Centre of Canada","Pluri Vox Media Corp.",06002-07-0346,2007-11-15,"0352 - Multilingual Media Monitoring Services","2007-12-15 to 2008-03-15",,25000.00,
http://www.fintrac-canafe.gc.ca/publications/PD/cd/det-eng.asp?ID=278,"Financial Transactions and Reports Analysis Centre of Canada","Teknion Roy &amp; Breton Inc.",06002-07-0355,2007-11-23,"1231 - Furniture",,2007-12-03,9580.96,
http://www.fintrac-canafe.gc.ca/publications/PD/cd/det-eng.asp?ID=259,"Financial Transactions and Reports Analysis Centre of Canada","The Lord Elgin Hotel",06002-07-0353,2007-11-23,"0448 - Training","2007-12-04 to 2007-12-07",,30675.94,
http://www.fintrac-canafe.gc.ca/publications/PD/cd/det-eng.asp?ID=279,"Financial Transactions and Reports Analysis Centre of Canada","TK Canada Limited",06002-07-0360,2007-11-26,"1231 - Furniture",,2008-01-02,15935.22,
http://www.fintrac-canafe.gc.ca/publications/PD/cd/det-eng.asp?ID=276,"Financial Transactions and Reports Analysis Centre of Canada","TK Canada Limited",06002-07-0253,2007-11-28,"1231 - Furniture",,2008-01-04,34415.29,
http://www.fintrac-canafe.gc.ca/publications/PD/cd/det-eng.asp?ID=263,"Financial Transactions and Reports Analysis Centre of Canada","Advanced Policy Concepts Inc.",06002-07-0366,2007-11-29,"0499 - Professional Services","2007-12-01 to 2008-03-31",,16200.00,
http://www.fintrac-canafe.gc.ca/publications/PD/cd/det-eng.asp?ID=271,"Financial Transactions and Reports Analysis Centre of Canada","Northern Micro Inc.",06002-07-0371,2007-12-06,"1227 - Computers",,2007-12-13,30800.00,
http://www.fintrac-canafe.gc.ca/publications/PD/cd/det-eng.asp?ID=258,"Financial Transactions and Reports Analysis Centre of Canada","Harrington Marketing Limited",06002-07-0283,2007-12-10,"0491 - Temporary Help Services - Professional Services","2007-12-10 to 2008-02-07",,24000.00,
http://www.fintrac-canafe.gc.ca/publications/PD/cd/det-eng.asp?ID=280,"Financial Transactions and Reports Analysis Centre of Canada","TK Canada Limited",06002-07-0380,2007-12-18,"1231 - Furniture",,2008-01-02,13436.70,
http://www.fintrac-canafe.gc.ca/publications/PD/cd/det-eng.asp?ID=260,"Financial Transactions and Reports Analysis Centre of Canada","Hilton Montreal Bonaventure",06002-07-0386,2007-12-19,"0570 - Conference","2008-02-07 to 2008-02-08",,11130.00,
http://www.fintrac-canafe.gc.ca/publications/PD/cd/det-eng.asp?ID=261,"Financial Transactions and Reports Analysis Centre of Canada","University of Toronto",06002-07-0390,2007-12-20,"0570 - Conference","2008-02-11 to 2008-02-12",,21901.00,
http://www.fintrac-canafe.gc.ca/publications/PD/cd/det-eng.asp?ID=247,"Financial Transactions and Reports Analysis Centre of Canada","Drake Beam Morin",06002-07-0196,2007-07-03,"0499 - Career Counselling","2007-07-09 to 2008-03-31",,23000.00,
http://www.fintrac-canafe.gc.ca/publications/PD/cd/det-eng.asp?ID=246,"Financial Transactions and Reports Analysis Centre of Canada","Right Management Consultants",06002-07-0195,2007-07-03,"0499 - Career Counselling","2007-07-09 to 2008-03-31",,23000.00,
http://www.fintrac-canafe.gc.ca/publications/PD/cd/det-eng.asp?ID=245,"Financial Transactions and Reports Analysis Centre of Canada","KWA Partners",06002-07-0194,2007-07-03,"0499 - Career Counselling","2007-07-09 to 2008-03-31",,23000.00,
http://www.fintrac-canafe.gc.ca/publications/PD/cd/det-eng.asp?ID=248,"Financial Transactions and Reports Analysis Centre of Canada","Altis SPR",06002-07-0165,2007-07-09,"0491 - Temporary Help Services - Procurement Officer","2007-07-10 to 2007-09-28",,20880.00,
http://www.fintrac-canafe.gc.ca/publications/PD/cd/det-eng.asp?ID=244,"Financial Transactions and Reports Analysis Centre of Canada","Wallace Wireless Ltd.",06002-07-0245,2007-07-09,"0670 - Annual Software and Support",,2007-10-05,26160.00,
http://www.fintrac-canafe.gc.ca/publications/PD/cd/det-eng.asp?ID=249,"Financial Transactions and Reports Analysis Centre of Canada","Ricoh Canada Inc.",06002-07-0174,2007-07-13,"0533 - 5 years - Photocopier Rental","2007-07-30 to 2012-07-29",,26457.60,
http://www.fintrac-canafe.gc.ca/publications/PD/cd/det-eng.asp?ID=240,"Financial Transactions and Reports Analysis Centre of Canada","Softchoice Corporation",06002-07-0183,2007-07-17,"1228 - Software Licences",,2007-07-31,13305.00,
http://www.fintrac-canafe.gc.ca/publications/PD/cd/det-eng.asp?ID=250,"Financial Transactions and Reports Analysis Centre of Canada","Adirondack Technologies Furniture Inc.",06002-07-0184,2007-07-18,"1231 - Storage Costs","2007-07-18 to 2007-12-30",,21900.00,
http://www.fintrac-canafe.gc.ca/publications/PD/cd/det-eng.asp?ID=257,"Financial Transactions and Reports Analysis Centre of Canada","Sysnovators Ltd.",06002-07-0188,2007-07-20,"0499 - Professional Services","2007-07-23 to 2007-10-12",,21600.00,
http://www.fintrac-canafe.gc.ca/publications/PD/cd/det-eng.asp?ID=251,"Financial Transactions and Reports Analysis Centre of Canada","Ricoh Canada Inc.",06002-07-0203,2007-07-31,"0533 - 5 years - Photocopier Rental","2007-08-03 to 2012-08-02",,25260.00,
http://www.fintrac-canafe.gc.ca/publications/PD/cd/det-eng.asp?ID=252,"Financial Transactions and Reports Analysis Centre of Canada","Neopost Canada",06002-07-0205,2007-07-31,"0212 - Postage Fees","2007-08-03 to 2008-03-31",,22704.78,
http://www.fintrac-canafe.gc.ca/publications/PD/cd/det-eng.asp?ID=238,"Financial Transactions and Reports Analysis Centre of Canada","Brainhunter (Ottawa) Inc.",06002-07-0209,2007-08-01,"0491 - Temporary Help Services - Project Control Officer","2007-09-04 to 2008-03-31",,48000.00,
http://www.fintrac-canafe.gc.ca/publications/PD/cd/det-eng.asp?ID=239,"Financial Transactions and Reports Analysis Centre of Canada","Northern Micro Inc.",06002-07-0213,2007-08-07,"1227 - Computers",,2007-08-21,83061.60,
http://www.fintrac-canafe.gc.ca/publications/PD/cd/det-eng.asp?ID=241,"Financial Transactions and Reports Analysis Centre of Canada","Capello Audio Electronics",06002-07-0215,2007-08-07,"0332 - Audio Visual Equipment",,2007-08-22,9975.00,
http://www.fintrac-canafe.gc.ca/publications/PD/cd/det-eng.asp?ID=253,"Financial Transactions and Reports Analysis Centre of Canada","Peter J. Kindree Architect",06002-07-0219,2007-08-11,"0421 - Architectural Services","2007-08-13 to 2007-12-31",,47925.00,
http://www.fintrac-canafe.gc.ca/publications/PD/cd/det-eng.asp?ID=242,"Financial Transactions and Reports Analysis Centre of Canada","AEPOS Technologies Inc.",06002-07-0223,2007-08-15,"0499 - IT Security Analyst","2007-09-11 to 2007-11-23",,38000.00,
http://www.fintrac-canafe.gc.ca/publications/PD/cd/det-eng.asp?ID=254,"Financial Transactions and Reports Analysis Centre of Canada","KPMG LLP",06002-07-0233,2007-08-28,"0499 - Audit Financial statements","2007-08-28 to 2007-09-30",,23450.00,
http://www.fintrac-canafe.gc.ca/publications/PD/cd/det-eng.asp?ID=243,"Financial Transactions and Reports Analysis Centre of Canada","Cognos Inc.",06002-07-0240,2007-08-31,"1226 - Annual Maintenance","2007-08-31 to 2008-08-30",,44980.00,
http://www.fintrac-canafe.gc.ca/publications/PD/cd/det-eng.asp?ID=255,"Financial Transactions and Reports Analysis Centre of Canada","Barbara Personnel Inc.",06002-07-0241,2007-08-31,"0491 - Temporary Help Services - Travel Advisor","2007-09-05 to 2008-02-01",,20358.00,
http://www.fintrac-canafe.gc.ca/publications/PD/cd/det-eng.asp?ID=256,"Financial Transactions and Reports Analysis Centre of Canada","Excel Human Resources Inc.",06002-07-0251,2007-09-12,"0491 - Temporary Help Services - Procurement Officer","2007-09-18 to 2007-12-18",,16959.60,
http://www.fintrac-canafe.gc.ca/publications/PD/cd/det-eng.asp?ID=235,"Financial Transactions and Reports Analysis Centre of Canada","Advanced Policy Concepts Inc.",06002-07-0265,2007-09-21,"0499 - Professional Services","2007-09-21 to 2008-03-31",,18000.00,
http://www.fintrac-canafe.gc.ca/publications/PD/cd/det-eng.asp?ID=236,"Financial Transactions and Reports Analysis Centre of Canada","Hicks Morley Barristers and Sollicitor",06002-07-0273,2007-09-27,"0410 - Legal Services","2007-09-27 to 2008-03-31",,47169.81,
http://www.fintrac-canafe.gc.ca/publications/PD/cd/det-eng.asp?ID=237,"Financial Transactions and Reports Analysis Centre of Canada","Sysnovators Ltd.",06002-07-0276,2007-09-29,"0499 - Develop an IM/IT Strategy","2007-09-29 to 2007-11-30",,22800.00,
http://www.fintrac-canafe.gc.ca/publications/PD/cd/det-eng.asp?ID=217,"Financial Transactions and Reports Analysis Centre of Canada","Gestipark Inc.",06002-07-0027,2007-04-01,"0511 - Parking Spaces","2007-04-01 to 2008-03-31",,9710.64,
http://www.fintrac-canafe.gc.ca/publications/PD/cd/det-eng.asp?ID=206,"Financial Transactions and Reports Analysis Centre of Canada","Comm Vault Systems Canada Inc.",06002-07-0009,2007-04-01,"0670 - Comm vault maintenance renewal",,2008-03-31,16061.00,
http://www.fintrac-canafe.gc.ca/publications/PD/cd/det-eng.asp?ID=207,"Financial Transactions and Reports Analysis Centre of Canada","Capello Audio Electronics Ltd.",06002-07-0013,2007-04-01,"1226 - Control panels and hardware",,2008-03-31,29900.00,
http://www.fintrac-canafe.gc.ca/publications/PD/cd/det-eng.asp?ID=213,"Financial Transactions and Reports Analysis Centre of Canada","Minto Suite Hotel Inc.",06002-07-0003,2007-04-01,"0570 - Conference","2007-04-16 to 2007-04-20",,25437.62,
http://www.fintrac-canafe.gc.ca/publications/PD/cd/det-eng.asp?ID=214,"Financial Transactions and Reports Analysis Centre of Canada","Groupe CCL International",06002-07-0018,2007-04-01,"0447 - Language training","2007-09-28 to 2008-03-31",,15900.00,
http://www.fintrac-canafe.gc.ca/publications/PD/cd/det-eng.asp?ID=216,"Financial Transactions and Reports Analysis Centre of Canada","Excel HR",06002-07-0024,2007-04-01,"0491 - Temporary Help Services","2007-04-02 to 2007-06-29",,15748.20,
http://www.fintrac-canafe.gc.ca/publications/PD/cd/det-eng.asp?ID=234,"Financial Transactions and Reports Analysis Centre of Canada","The Bytown Group",06002-07-0006,2007-04-01,"0331 - Annual Report","2007-05-10 to 2007-11-30",,24999.00,
http://www.fintrac-canafe.gc.ca/publications/PD/cd/det-eng.asp?ID=230,"Financial Transactions and Reports Analysis Centre of Canada","TRM Technologies",06002-07-0014,2007-04-01,"0491 - Temporary Help Services","2007-04-02 to 2007-05-31",,27300.00,
http://www.fintrac-canafe.gc.ca/publications/PD/cd/det-eng.asp?ID=233,"Financial Transactions and Reports Analysis Centre of Canada","Peter Maitland",06002-07-0002,2007-04-01,"0499 - Professional Services","2007-04-02 to 2007-09-14",,11200.00,
http://www.fintrac-canafe.gc.ca/publications/PD/cd/det-eng.asp?ID=231,"Financial Transactions and Reports Analysis Centre of Canada","North American Security Service",06002-07-0017,2007-04-01,"0410 - Security Guards","2007-04-01 to 2008-03-31",,59064.21,
http://www.fintrac-canafe.gc.ca/publications/PD/cd/det-eng.asp?ID=205,"Financial Transactions and Reports Analysis Centre of Canada","Excel HR",06002-07-0025,2007-04-02,"0491 - Temporary Help Services","2007-04-02 to 2007-06-29",,17360.00,
http://www.fintrac-canafe.gc.ca/publications/PD/cd/det-eng.asp?ID=208,"Financial Transactions and Reports Analysis Centre of Canada","Softchoice Corporation",06002-07-0034,2007-04-04,"1227 - Color printers",,2007-04-19,22500.00,
http://www.fintrac-canafe.gc.ca/publications/PD/cd/det-eng.asp?ID=203,"Financial Transactions and Reports Analysis Centre of Canada","S.I. System Ltd.",06002-07-0035,2007-04-05,"0491 - Temporary Help Services","2007-04-23 to 2007-06-30",,12500.00,
http://www.fintrac-canafe.gc.ca/publications/PD/cd/det-eng.asp?ID=204,"Financial Transactions and Reports Analysis Centre of Canada","Brian Long",06002-07-0052,2007-04-19,"0499 - Professional Services","2007-04-19 to 2007-09-07",,18900.00,
http://www.fintrac-canafe.gc.ca/publications/PD/cd/det-eng.asp?ID=209,"Financial Transactions and Reports Analysis Centre of Canada","Learning Tree International",06002-07-0055,2007-04-19,"0448 - Training","2007-04-19 to 2007-05-03",,10315.00,
http://www.fintrac-canafe.gc.ca/publications/PD/cd/det-eng.asp?ID=218,"Financial Transactions and Reports Analysis Centre of Canada","Global Upholstery",06002-07-0072,2007-05-02,"1231 - Furniture",,2007-06-07,10025.96,
http://www.fintrac-canafe.gc.ca/publications/PD/cd/det-eng.asp?ID=219,"Financial Transactions and Reports Analysis Centre of Canada","Excel HR",06002-07-0075,2007-05-03,"0491 - Temporary Help Services","2007-05-14 to 2007-08-17",,12236.21,
http://www.fintrac-canafe.gc.ca/publications/PD/cd/det-eng.asp?ID=232,"Financial Transactions and Reports Analysis Centre of Canada","Gowlings Consulting Inc.",06002-07-0078,2007-05-04,"0499 - Professional Services","2007-05-14 to 2007-07-06",,20000.00,
http://www.fintrac-canafe.gc.ca/publications/PD/cd/det-eng.asp?ID=210,"Financial Transactions and Reports Analysis Centre of Canada","Laurier Computers",06002-07-0087,2007-05-11,"1227 - Network Interface Cards",,2007-05-25,11500.00,
http://www.fintrac-canafe.gc.ca/publications/PD/cd/det-eng.asp?ID=211,"Financial Transactions and Reports Analysis Centre of Canada",TeraMach,06002-07-0115,2007-05-30,"1227 - Computer Equipment",,2007-07-03,24113.80,
http://www.fintrac-canafe.gc.ca/publications/PD/cd/det-eng.asp?ID=220,"Financial Transactions and Reports Analysis Centre of Canada","KPMG LLP",06002-07-0093,2007-05-30,"0499 - Professional Services","2007-05-31 to 2007-06-30",,11700.00,
http://www.fintrac-canafe.gc.ca/publications/PD/cd/det-eng.asp?ID=221,"Financial Transactions and Reports Analysis Centre of Canada","Sysnovaters Ltd.",06002-07-0113,2007-05-30,"0499 - Professional Services","2007-06-01 to 2007-11-30",,22800.00,
http://www.fintrac-canafe.gc.ca/publications/PD/cd/det-eng.asp?ID=225,"Financial Transactions and Reports Analysis Centre of Canada","Teknion Furniture Systems",06002-07-0119,2007-06-01,"1231 - Furniture",,2007-06-15,18525.80,
http://www.fintrac-canafe.gc.ca/publications/PD/cd/det-eng.asp?ID=224,"Financial Transactions and Reports Analysis Centre of Canada","Teknion Furniture Systems",06002-07-0118,2007-06-01,"1231 - Furniture",,2007-06-15,38664.88,
http://www.fintrac-canafe.gc.ca/publications/PD/cd/det-eng.asp?ID=222,"Financial Transactions and Reports Analysis Centre of Canada","Teknion Furniture Systems",06002-07-0116,2007-06-01,"1231 - Furniture",,2007-06-15,19584.63,
http://www.fintrac-canafe.gc.ca/publications/PD/cd/det-eng.asp?ID=223,"Financial Transactions and Reports Analysis Centre of Canada","Teknion Furniture Systems",06002-07-0117,2007-06-01,"1231 - Furniture",,2007-06-18,18525.80,
http://www.fintrac-canafe.gc.ca/publications/PD/cd/det-eng.asp?ID=227,"Financial Transactions and Reports Analysis Centre of Canada","Standard Desk",06002-07-0123,2007-06-05,"1231 - Furniture",,2007-06-19,22485.54,
http://www.fintrac-canafe.gc.ca/publications/PD/cd/det-eng.asp?ID=226,"Financial Transactions and Reports Analysis Centre of Canada","Haworth Ltd.",06002-07-0122,2007-06-05,"1231 - Furniture",,2007-06-19,22346.50,
http://www.fintrac-canafe.gc.ca/publications/PD/cd/det-eng.asp?ID=228,"Financial Transactions and Reports Analysis Centre of Canada","Teknion Furniture Systems",06002-07-0131,2007-06-07,"1231 - Furniture",,2007-06-15,32497.95,
http://www.fintrac-canafe.gc.ca/publications/PD/cd/det-eng.asp?ID=215,"Financial Transactions and Reports Analysis Centre of Canada","Andr&eacute; Chartrand Consultation Inc.",06002-07-0133,2007-06-08,"0499 - Professional Services","2007-06-11 to 2007-07-20",,10687.50,
http://www.fintrac-canafe.gc.ca/publications/PD/cd/det-eng.asp?ID=201,"Financial Transactions and Reports Analysis Centre of Canada","Xerox Canada",06002-07-0143,2007-06-19,"0533 - Photocopy Rental","2007-06-25 to 2008-06-25",,25380.00,
http://www.fintrac-canafe.gc.ca/publications/PD/cd/det-eng.asp?ID=229,"Financial Transactions and Reports Analysis Centre of Canada","Xerox Canada",06002-07-0142,2007-06-19,"0533 - Photocopy Rental","2007-07-06 to 2008-07-05",,25380.00,
http://www.fintrac-canafe.gc.ca/publications/PD/cd/det-eng.asp?ID=202,"Financial Transactions and Reports Analysis Centre of Canada","Xerox Canada",06002-07-0144,2007-06-20,"0533 - Photocopy Rental","2007-06-25 to 2008-06-25",,25380.00,
http://www.fintrac-canafe.gc.ca/publications/PD/cd/det-eng.asp?ID=212,"Financial Transactions and Reports Analysis Centre of Canada","Canada Privacy Services Inc.",06002-07-0147,2007-06-21,"0491 - Privacy Impact Assessment","2007-06-25 to 2007-08-10",,19000.00,
http://www.fintrac-canafe.gc.ca/publications/PD/cd/det-eng.asp?ID=187,"Financial Transactions and Reports Analysis Centre of Canada","Phase 5 Consulting Group Inc.",06002-06-0330,2007-01-02,"0341 - Conduct Public Opinion Survey of FINTRAC website","2007-01-25 to 2007-03-31",,23869.61,
http://www.fintrac-canafe.gc.ca/publications/PD/cd/det-eng.asp?ID=188,"Financial Transactions and Reports Analysis Centre of Canada","Global Upholstery",06002-06-0332,2007-01-03,"1231 - Filing cabinets",,2007-03-01,40726.26,
http://www.fintrac-canafe.gc.ca/publications/PD/cd/det-eng.asp?ID=173,"Financial Transactions and Reports Analysis Centre of Canada","FrontRange Solutions USA, Inc",06002-06-0345,2007-01-17,"0670 - Renewal of Maintenance - ISTM","2007-03-01 to 2008-02-28",,32934.96,
http://www.fintrac-canafe.gc.ca/publications/PD/cd/det-eng.asp?ID=174,"Financial Transactions and Reports Analysis Centre of Canada","Laurier Computers",06002-06-0346,2007-01-17,"1225 - Data Tape",,2007-01-31,11723.60,
http://www.fintrac-canafe.gc.ca/publications/PD/cd/det-eng.asp?ID=175,"Financial Transactions and Reports Analysis Centre of Canada","Xwave An Aliant Company",06002-06-0360,2007-01-29,"0670 - Renewal of Maintenance - HP SAN","2007-03-16 to 2008-03-15",,26455.06,
http://www.fintrac-canafe.gc.ca/publications/PD/cd/det-eng.asp?ID=176,"Financial Transactions and Reports Analysis Centre of Canada","Xwave An Aliant Company",06002-06-0364,2007-01-30,"1227 - Portable Notebook Computers",,2007-02-28,39356.35,
http://www.fintrac-canafe.gc.ca/publications/PD/cd/det-eng.asp?ID=177,"Financial Transactions and Reports Analysis Centre of Canada","Xwave An Aliant Company",06002-06-0365,2007-01-30,"1227 - Portable Notebook Computers",,2007-02-28,104959.61,
http://www.fintrac-canafe.gc.ca/publications/PD/cd/det-eng.asp?ID=178,"Financial Transactions and Reports Analysis Centre of Canada","Capello Audio",06002-06-0375,2007-02-01,"0332 - Video conferencing","2007-02-20 to 2007-03-31",,20214.20,
http://www.fintrac-canafe.gc.ca/publications/PD/cd/det-eng.asp?ID=189,"Financial Transactions and Reports Analysis Centre of Canada","Office Furniture Concepts",06002-06-0381,2007-02-06,"1231 - Office Furniture",,2007-03-15,12387.16,
http://www.fintrac-canafe.gc.ca/publications/PD/cd/det-eng.asp?ID=190,"Financial Transactions and Reports Analysis Centre of Canada","TRM Technologies",06002-06-0383,2007-02-06,"0472 - Temp Help Services","2007-02-12 to 2007-03-08",,19636.50,
http://www.fintrac-canafe.gc.ca/publications/PD/cd/det-eng.asp?ID=191,"Financial Transactions and Reports Analysis Centre of Canada","Global Upholstery",06002-06-0386,2007-02-07,"1231 - Secure Filing Cabinets",,2007-03-30,35478.23,
http://www.fintrac-canafe.gc.ca/publications/PD/cd/det-eng.asp?ID=179,"Financial Transactions and Reports Analysis Centre of Canada","M Cubed Inc.",06002-06-0389,2007-02-08,"0499 - Business analysis services","2007-02-12 to 2007-03-31",,15900.00,
http://www.fintrac-canafe.gc.ca/publications/PD/cd/det-eng.asp?ID=192,"Financial Transactions and Reports Analysis Centre of Canada","Global Upholstery",06002-06-0392,2007-02-09,"1231 - Office Furniture",,2007-03-30,13330.83,
http://www.fintrac-canafe.gc.ca/publications/PD/cd/det-eng.asp?ID=184,"Financial Transactions and Reports Analysis Centre of Canada","Phase 5 Consulting Group Inc.",06002-06-0395,2007-02-12,"0491 - Professional Services","2007-02-13 to 2007-03-31",,15600.92,
http://www.fintrac-canafe.gc.ca/publications/PD/cd/det-eng.asp?ID=193,"Financial Transactions and Reports Analysis Centre of Canada","Promedia Group Inc.",06002-06-0401,2007-02-14,"0309 - Promotional Items",,2007-03-12,10564.49,
http://www.fintrac-canafe.gc.ca/publications/PD/cd/det-eng.asp?ID=194,"Financial Transactions and Reports Analysis Centre of Canada","Paystation Inc.",06002-06-0410,2007-02-16,"1239 - High Security Paper Shredders",,2007-03-30,40877.20,
http://www.fintrac-canafe.gc.ca/publications/PD/cd/det-eng.asp?ID=195,"Financial Transactions and Reports Analysis Centre of Canada","The Conference Board of Canada",06002-06-0417,2007-02-20,"0453 - Membership fee for Centre of National Security","2007-02-01 to 2008-05-31",,13700.00,
http://www.fintrac-canafe.gc.ca/publications/PD/cd/det-eng.asp?ID=180,"Financial Transactions and Reports Analysis Centre of Canada","Interis Consulting Inc.",06002-06-0419,2007-02-21,"0491 - Facilitator","2007-03-01 to 2007-05-31",,25175.00,
http://www.fintrac-canafe.gc.ca/publications/PD/cd/det-eng.asp?ID=185,"Financial Transactions and Reports Analysis Centre of Canada","Advanced Policy Concepts Inc.",06002-06-0421,2007-02-21,"0491 - Management consulting services","2007-03-31 to 2007-04-30",,24486.00,
http://www.fintrac-canafe.gc.ca/publications/PD/cd/det-eng.asp?ID=196,"Financial Transactions and Reports Analysis Centre of Canada","Gunnebo Security Inc.",06002-06-0425,2007-02-23,"1231 - Safes",,2007-03-30,40709.37,
http://www.fintrac-canafe.gc.ca/publications/PD/cd/det-eng.asp?ID=197,"Financial Transactions and Reports Analysis Centre of Canada","Peter J. Kindree Architect",06002-06-0435,2007-02-27,"0491 - Professional Services","2007-02-28 to 2007-06-30",,35642.50,
http://www.fintrac-canafe.gc.ca/publications/PD/cd/det-eng.asp?ID=198,"Financial Transactions and Reports Analysis Centre of Canada","Sussex Circle",06002-06-0441,2007-02-28,"0448 - Training","2007-03-06 to 2007-03-29",,12720.00,
http://www.fintrac-canafe.gc.ca/publications/PD/cd/det-eng.asp?ID=181,"Financial Transactions and Reports Analysis Centre of Canada","Nitro Microsystems",06002-02-0448,2007-03-01,"0491 - Professional Consultant","2007-03-02 to 2007-03-15",,19345.00,
http://www.fintrac-canafe.gc.ca/publications/PD/cd/det-eng.asp?ID=199,"Financial Transactions and Reports Analysis Centre of Canada","NCR Associates",06002-06-0462,2007-03-08,"0491 - Executive search","2007-03-12 to 2007-04-30",,24380.00,
http://www.fintrac-canafe.gc.ca/publications/PD/cd/det-eng.asp?ID=186,"Financial Transactions and Reports Analysis Centre of Canada","Xerox Canada",06002-06-0464,2007-03-12,"0533 - Photocopy Rental 60 months","2007-03-30 to 2008-03-29",,53506.68,
http://www.fintrac-canafe.gc.ca/publications/PD/cd/det-eng.asp?ID=200,"Financial Transactions and Reports Analysis Centre of Canada","Comnetix Inc.",06002-06-0471,2007-03-14,"1227 - Supply/installation/training fingerprint system",,-00-00,30369.00,
http://www.fintrac-canafe.gc.ca/publications/PD/cd/det-eng.asp?ID=182,"Financial Transactions and Reports Analysis Centre of Canada","Forrester Research Inc.",06002-06-0479,2007-03-23,"0821 - Research subscriptions","2007-03-31 to 2008-03-30",,43500.00,
http://www.fintrac-canafe.gc.ca/publications/PD/cd/det-eng.asp?ID=172,"Financial Transactions and Reports Analysis Centre of Canada","EMC Corporation of Canada",06002-06-0307,2007-03-23,"0670 - VMWare Software",,2007-03-31,60495.58,
http://www.fintrac-canafe.gc.ca/publications/PD/cd/det-eng.asp?ID=183,"Financial Transactions and Reports Analysis Centre of Canada","Softchoice Corporation",06002-06-0483,2007-03-28,"0670 - Support for Exchange 2003","2007-03-30 to 2008-03-30",,20219.50,
http://www.fintrac-canafe.gc.ca/publications/PD/cd/det-eng.asp?ID=145,"Financial Transactions and Reports Analysis Centre of Canada","The Canada Council Art Bank",06002-06-0327,2006-10-03,"0570 - Rental of Art Work","2006-11-01 to 2008-10-31",,10080.00,
http://www.fintrac-canafe.gc.ca/publications/PD/cd/det-eng.asp?ID=146,"Financial Transactions and Reports Analysis Centre of Canada",HRWARE,06002-06-0218,2006-10-03,"0670 - Software Licenses and Maintenance","2006-11-15 to 2007-11-14",,11245.00,
http://www.fintrac-canafe.gc.ca/publications/PD/cd/det-eng.asp?ID=171,"Financial Transactions and Reports Analysis Centre of Canada","Charles Seeto",06002-06-0220,2006-10-04,"0491 - Professional Services","2006-10-04 to 2006-12-15",,31500.00,
http://www.fintrac-canafe.gc.ca/publications/PD/cd/det-eng.asp?ID=170,"Financial Transactions and Reports Analysis Centre of Canada","ORC Canada Inc.",06002-06-0227,2006-10-11,"0491 - Professional Services","2006-10-05 to 2006-10-12",,15000.00,
http://www.fintrac-canafe.gc.ca/publications/PD/cd/det-eng.asp?ID=169,"Financial Transactions and Reports Analysis Centre of Canada","Watson Wyatt",06002-06-0228,2006-10-11,"0491 - Professional Services","2006-10-05 to 2006-10-12",,10000.00,
http://www.fintrac-canafe.gc.ca/publications/PD/cd/det-eng.asp?ID=147,"Financial Transactions and Reports Analysis Centre of Canada","&Eacute;cole de la Cit&eacute;",06002-06-0234,2006-10-18,"0447 - Language Training","2006-10-30 to 2007-09-07",,31500.00,
http://www.fintrac-canafe.gc.ca/publications/PD/cd/det-eng.asp?ID=159,"Financial Transactions and Reports Analysis Centre of Canada","Sona Computer Inc.",06002-06-0235,2006-10-18,"1227 - Computer Equipment",,2006-11-21,104410.00,
http://www.fintrac-canafe.gc.ca/publications/PD/cd/det-eng.asp?ID=160,"Financial Transactions and Reports Analysis Centre of Canada","Laurier Computer",06002-06-0238,2006-10-19,"1227 - Network Interface Cards",,2006-11-15,23000.00,
http://www.fintrac-canafe.gc.ca/publications/PD/cd/det-eng.asp?ID=148,"Financial Transactions and Reports Analysis Centre of Canada","Xerox Canada",06002-06-0245,2006-10-24,"0533 - Equipment Rental","2006-11-15 to 2011-11-14",,21740.00,
http://www.fintrac-canafe.gc.ca/publications/PD/cd/det-eng.asp?ID=149,"Financial Transactions and Reports Analysis Centre of Canada","Peter J. Kindree Architect",06002-06-0248,2006-10-31,"0421 - Architectural Services","2006-10-29 to 2007-03-31",,25800.00,
http://www.fintrac-canafe.gc.ca/publications/PD/cd/det-eng.asp?ID=161,"Financial Transactions and Reports Analysis Centre of Canada","Telecom Ottawa",06002-06-0251,2006-11-02,"1227 - Fiber Cable","2006-11-15 to 2009-01-12",,41000.00,
http://www.fintrac-canafe.gc.ca/publications/PD/cd/det-eng.asp?ID=168,"Financial Transactions and Reports Analysis Centre of Canada","Renaud Foster",06002-06-0252,2006-11-03,"0499 - Professional Services","2006-11-09 to 2007-03-31",,54500.00,
http://www.fintrac-canafe.gc.ca/publications/PD/cd/det-eng.asp?ID=150,"Financial Transactions and Reports Analysis Centre of Canada","Hyperactive Productions Inc.",06002-06-0261,2006-11-07,"0332 - Video Production","2006-11-15 to 2007-03-31",,28536.24,
http://www.fintrac-canafe.gc.ca/publications/PD/cd/det-eng.asp?ID=162,"Financial Transactions and Reports Analysis Centre of Canada","Nexient Learning Inc.",06002-06-0264,2006-11-09,"0447 - Staff Training","2006-11-10 to 2010-11-09",,21300.00,
http://www.fintrac-canafe.gc.ca/publications/PD/cd/det-eng.asp?ID=167,"Financial Transactions and Reports Analysis Centre of Canada","Xerox Canada",06002-06-0267,2006-11-16,"0533 - Equipment Rental","2006-12-04 to 2011-12-03",,17682.60,
http://www.fintrac-canafe.gc.ca/publications/PD/cd/det-eng.asp?ID=151,"Financial Transactions and Reports Analysis Centre of Canada","Global Upholstery Co. Inc.",06002-06-0273,2006-11-21,"1231 - Furniture",,2006-12-28,13077.00,
http://www.fintrac-canafe.gc.ca/publications/PD/cd/det-eng.asp?ID=152,"Financial Transactions and Reports Analysis Centre of Canada","Teknion Furniture Systems",06002-06-0279,2006-11-22,"1231 - Furniture",,2006-12-28,17773.74,
http://www.fintrac-canafe.gc.ca/publications/PD/cd/det-eng.asp?ID=163,"Financial Transactions and Reports Analysis Centre of Canada","Excel HR",06002-06-0281,2006-11-22,"0472 - Temporary Help Services - Quality Assurance Tester","2007-01-02 to 2007-03-31",,31500.00,
http://www.fintrac-canafe.gc.ca/publications/PD/cd/det-eng.asp?ID=164,"Financial Transactions and Reports Analysis Centre of Canada","Excel HR",06002-06-0282,2006-11-22,"0472 - Temporary Help Services - Junior Webmaster","2006-11-23 to 2007-03-31",,29000.00,
http://www.fintrac-canafe.gc.ca/publications/PD/cd/det-eng.asp?ID=153,"Financial Transactions and Reports Analysis Centre of Canada","Andrew Michalski &amp; Associates",06002-06-0291,2006-11-24,"0352 - Multilingual Media Monitoring Services","2006-12-15 to 2007-03-15",,21654.00,
http://www.fintrac-canafe.gc.ca/publications/PD/cd/det-eng.asp?ID=154,"Financial Transactions and Reports Analysis Centre of Canada","Ideal Parking Inc.",06002-06-0292,2006-11-24,"0511 - Rental of Parking Spaces","2006-12-01 to 2007-11-30",,13350.00,
http://www.fintrac-canafe.gc.ca/publications/PD/cd/det-eng.asp?ID=165,"Financial Transactions and Reports Analysis Centre of Canada","Bell Canada",06002-06-0304,2006-12-01,"1225 - Telephone Hardware and Installation",,2006-12-15,62417.00,
http://www.fintrac-canafe.gc.ca/publications/PD/cd/det-eng.asp?ID=155,"Financial Transactions and Reports Analysis Centre of Canada","Teknion Roy &amp; Breton",06002-06-0305,2006-12-01,"1231 - Furniture",,2007-01-05,11175.42,
http://www.fintrac-canafe.gc.ca/publications/PD/cd/det-eng.asp?ID=156,"Financial Transactions and Reports Analysis Centre of Canada","Global Upholstery Co. Inc.",06002-06-0306,2006-12-01,"1231 - Furniture",,2007-01-08,23166.55,
http://www.fintrac-canafe.gc.ca/publications/PD/cd/det-eng.asp?ID=157,"Financial Transactions and Reports Analysis Centre of Canada","Production Case Company",06002-06-0310,2006-12-06,"0460 - Secure Briefcases",,2006-12-20,16380.00,
http://www.fintrac-canafe.gc.ca/publications/PD/cd/det-eng.asp?ID=166,"Financial Transactions and Reports Analysis Centre of Canada","Northern Micro Inc.",06002-06-0313,2006-12-11,"1225 - Computer Equipment",,2007-02-28,80180.00,
http://www.fintrac-canafe.gc.ca/publications/PD/cd/det-eng.asp?ID=158,"Financial Transactions and Reports Analysis Centre of Canada","Canadian Atlas Furniture Corporation",06002-06-0320,2006-12-18,"1231 - Furniture",,2007-01-12,18192.60,
http://www.fintrac-canafe.gc.ca/publications/PD/cd/det-eng.asp?ID=135,"Financial Transactions and Reports Analysis Centre of Canada","Northern Micro Inc.",06002-06-0136,2006-07-12,"1227 - Computer Systems",,2006-08-01,35625.00,
http://www.fintrac-canafe.gc.ca/publications/PD/cd/det-eng.asp?ID=142,"Financial Transactions and Reports Analysis Centre of Canada","Calian Ltd.",06002-06-0143,2006-07-25,"0491 - Temporary Help Services Program Management","2006-07-27 to 2006-12-31",,25000.00,
http://www.fintrac-canafe.gc.ca/publications/PD/cd/det-eng.asp?ID=136,"Financial Transactions and Reports Analysis Centre of Canada","Northern Micro Inc.",06002-06-0146,2006-07-27,"1227 - Computer Systems",,2006-08-16,78720.00,
http://www.fintrac-canafe.gc.ca/publications/PD/cd/det-eng.asp?ID=137,"Financial Transactions and Reports Analysis Centre of Canada","Laurier Computer",06002-06-0147,2006-07-28,"1227 - Network Interface Cards",,2006-08-15,14100.00,
http://www.fintrac-canafe.gc.ca/publications/PD/cd/det-eng.asp?ID=143,"Financial Transactions and Reports Analysis Centre of Canada","TK Canada Limited",06002-06-0155,2006-08-10,"1231 - Furniture",,2006-08-24,14171.08,
http://www.fintrac-canafe.gc.ca/publications/PD/cd/det-eng.asp?ID=144,"Financial Transactions and Reports Analysis Centre of Canada","TK Canada Limited",06002-06-0162,2006-08-18,"1231 - Furniture",,2006-09-01,23435.27,
http://www.fintrac-canafe.gc.ca/publications/PD/cd/det-eng.asp?ID=140,"Financial Transactions and Reports Analysis Centre of Canada",Adasca,06002-06-0178,2006-08-25,"1225 - Fiber cable",,2006-10-31,21794.29,
http://www.fintrac-canafe.gc.ca/publications/PD/cd/det-eng.asp?ID=138,"Financial Transactions and Reports Analysis Centre of Canada","Cognos Inc.",06002-06-0183,2006-08-28,"0670 - Cognos support annual renewal","2006-08-31 to 2007-08-30",,44980.00,
http://www.fintrac-canafe.gc.ca/publications/PD/cd/det-eng.asp?ID=139,"Financial Transactions and Reports Analysis Centre of Canada","Excel Human Resources Inc.",06002-06-0185,2006-08-30,"0813 - Temporary Help Services IT","2006-09-11 to 2006-12-05",,28800.00,
http://www.fintrac-canafe.gc.ca/publications/PD/cd/det-eng.asp?ID=141,"Financial Transactions and Reports Analysis Centre of Canada","Gilmore Printing Services Inc.",06002-06-0201,2006-09-20,"0331 - Printing brochures",,2006-11-03,15261.00,
http://www.fintrac-canafe.gc.ca/publications/PD/cd/det-eng.asp?ID=131,"Financial Transactions and Reports Analysis Centre of Canada","Peter Maitland",06002-06-0019,2006-04-10,"0499 - Writing Annual report","2006-04-01 to 2006-09-15",,10800.00,
http://www.fintrac-canafe.gc.ca/publications/PD/cd/det-eng.asp?ID=122,"Financial Transactions and Reports Analysis Centre of Canada","Learning Tree International",06002-06-0037,2006-04-13,"0448 - Training packages and courses for IM/IT","2006-04-13 to 2007-03-31",,27000.12,
http://www.fintrac-canafe.gc.ca/publications/PD/cd/det-eng.asp?ID=128,"Financial Transactions and Reports Analysis Centre of Canada","Group CCL International",06002-06-0022,2006-04-13,"0447 - Language Training","2006-04-10 to 2007-03-30",,16966.00,
http://www.fintrac-canafe.gc.ca/publications/PD/cd/det-eng.asp?ID=117,"Financial Transactions and Reports Analysis Centre of Canada","Capello Audio Electronics",06002-06-0027,2006-04-18,"0669 - Maintenance - AV equipment","2006-04-01 to 2007-03-31",,10900.00,
http://www.fintrac-canafe.gc.ca/publications/PD/cd/det-eng.asp?ID=119,"Financial Transactions and Reports Analysis Centre of Canada","Contract Furniture Source",06002-06-0046,2006-04-26,"1231 - Storage and warehousing service","2006-04-01 to 2007-03-31",,15000.00,
http://www.fintrac-canafe.gc.ca/publications/PD/cd/det-eng.asp?ID=126,"Financial Transactions and Reports Analysis Centre of Canada","Hicks Morley",06002-06-0036,2006-04-28,"0410 - Legal services","2006-04-01 to 2007-03-31",,50000.00,
http://www.fintrac-canafe.gc.ca/publications/PD/cd/det-eng.asp?ID=118,"Financial Transactions and Reports Analysis Centre of Canada","Cognos Inc.",06002-06-0057,2006-05-02,"0670 - Software Maintenance Support Renewal","2006-03-31 to 2007-03-30",,19404.80,
http://www.fintrac-canafe.gc.ca/publications/PD/cd/det-eng.asp?ID=121,"Financial Transactions and Reports Analysis Centre of Canada","ConversArt Consulting Ltd.",06002-06-0064,2006-05-08,"0444 - Plan, facilitate sector retreat","2006-05-08 to 2006-06-07",,14700.00,
http://www.fintrac-canafe.gc.ca/publications/PD/cd/det-eng.asp?ID=120,"Financial Transactions and Reports Analysis Centre of Canada","CNC Global",06002-06-0078,2006-05-18,"0813 - Intermediate QA tester","2006-05-23 to 2006-08-10",,19250.00,
http://www.fintrac-canafe.gc.ca/publications/PD/cd/det-eng.asp?ID=125,"Financial Transactions and Reports Analysis Centre of Canada","Embarcadero Technologies Inc.",06002-06-0077,2006-05-23,"0670 - Software Maintenance Renewal","2006-05-26 to 2007-05-25",,18125.00,
http://www.fintrac-canafe.gc.ca/publications/PD/cd/det-eng.asp?ID=124,"Financial Transactions and Reports Analysis Centre of Canada",Argent,06002-06-0106,2006-06-09,"0670 - Software Support Renewal/Technical Support","2006-07-01 to 2007-06-30",,26410.00,
http://www.fintrac-canafe.gc.ca/publications/PD/cd/det-eng.asp?ID=130,"Financial Transactions and Reports Analysis Centre of Canada","Freebalance Inc.",06002-06-0107,2006-06-14,"0670 - Annual maintenance and Software Support Renewal","2006-04-01 to 2007-03-31",,29980.00,
http://www.fintrac-canafe.gc.ca/publications/PD/cd/det-eng.asp?ID=129,"Financial Transactions and Reports Analysis Centre of Canada","Hay Group Ltd.",06002-06-0105,2006-06-15,"0491 - HR consulting services","2006-06-12 to 2007-03-31",,13500.00,
http://www.fintrac-canafe.gc.ca/publications/PD/cd/det-eng.asp?ID=127,"Financial Transactions and Reports Analysis Centre of Canada","NCR Associates",06002-06-0052,2006-06-23,"0491 - HR consulting services","2006-05-02 to 2006-08-31",,10000.00,
http://www.fintrac-canafe.gc.ca/publications/PD/cd/det-eng.asp?ID=132,"Financial Transactions and Reports Analysis Centre of Canada",Ipsos-Reid,06002-06-0096,2006-06-26,"0341 - Public Opinion research","2006-05-26 to 2006-07-31",,12550.00,
http://www.fintrac-canafe.gc.ca/publications/PD/cd/det-eng.asp?ID=108,"Financial Transactions and Reports Analysis Centre of Canada","&Eacute;cole de la Cit&eacute;",06002-05-0251,2006-01-05,"0447 - Language training","2006-01-09 to 2006-04-07",,18655.00,
http://www.fintrac-canafe.gc.ca/publications/PD/cd/det-eng.asp?ID=110,"Financial Transactions and Reports Analysis Centre of Canada","Altis SPR",06002-05-0255,2006-01-10,"0813 - Temporary Help Sevices Procurement","2006-01-12 to 2006-03-31",,14364.00,
http://www.fintrac-canafe.gc.ca/publications/PD/cd/det-eng.asp?ID=85,"Financial Transactions and Reports Analysis Centre of Canada","FrontRange Solutions USA Inc.",06002-05-0266,2006-01-17,"0670 - Maintenance of Heat software",,2006-03-01,30248.45,
http://www.fintrac-canafe.gc.ca/publications/PD/cd/det-eng.asp?ID=86,"Financial Transactions and Reports Analysis Centre of Canada","Toshiba of Canada Ltd",06002-05-0271,2006-01-17,"1226 - Portege M300 Notebooks",,2006-03-01,28413.00,
http://www.fintrac-canafe.gc.ca/publications/PD/cd/det-eng.asp?ID=103,"Financial Transactions and Reports Analysis Centre of Canada","Excel HR",06002-05-0285,2006-01-24,"0472 - Temporary Help Services Quality Assurance Tester","2006-01-30 to 2006-04-28",,31875.00,
http://www.fintrac-canafe.gc.ca/publications/PD/cd/det-eng.asp?ID=87,"Financial Transactions and Reports Analysis Centre of Canada","Laurier Computers",06002-05-0287,2006-01-25,"1226 - Memory expansion board",,2066-03-03,11250.00,
http://www.fintrac-canafe.gc.ca/publications/PD/cd/det-eng.asp?ID=88,"Financial Transactions and Reports Analysis Centre of Canada","Excel HR",06002-05-0296,2006-01-30,"0472 - Temporary Help Services Quality Assurance Tester","2006-02-01 to 2006-04-28",,28057.50,
http://www.fintrac-canafe.gc.ca/publications/PD/cd/det-eng.asp?ID=89,"Financial Transactions and Reports Analysis Centre of Canada","Northern Micro Inc.",06002-05-0297,2006-01-30,"0670 - Network Equipment maintenance/warranty hs/ware","2006-03-01 to 2006-02-28",,26736.00,
http://www.fintrac-canafe.gc.ca/publications/PD/cd/det-eng.asp?ID=111,"Financial Transactions and Reports Analysis Centre of Canada","Peter J. Kindree Architect",06002-05-0292,2006-01-30,"0421 - Accommodation requirements/Business Case","2006-01-27 to 2006-06-02",,71080.00,
http://www.fintrac-canafe.gc.ca/publications/PD/cd/det-eng.asp?ID=109,"Financial Transactions and Reports Analysis Centre of Canada","The Conference Board of Canada",06002-05-0302,2006-02-01,"0821 - Membership fee for the Centre for National Security","2006-01-01 to 2006-12-31",,10275.00,
http://www.fintrac-canafe.gc.ca/publications/PD/cd/det-eng.asp?ID=104,"Financial Transactions and Reports Analysis Centre of Canada","Spearhead Management Canada Limited",06002-05-0306,2006-02-02,"0472 - Temporary Help Services File conversion Excel to MS Access","2006-02-06 to 2006-03-31",,19200.00,
http://www.fintrac-canafe.gc.ca/publications/PD/cd/det-eng.asp?ID=112,"Financial Transactions and Reports Analysis Centre of Canada","Paystation Inc.",06002-05-0318,2006-02-03,"1239 - Shredders",,2006-03-10,11004.00,
http://www.fintrac-canafe.gc.ca/publications/PD/cd/det-eng.asp?ID=90,"Financial Transactions and Reports Analysis Centre of Canada","CommVault Canada",06002-05-0310,2006-02-03,"0670 - Software maintenance","2006-04-01 to 2007-03-31",,10500.00,
http://www.fintrac-canafe.gc.ca/publications/PD/cd/det-eng.asp?ID=91,"Financial Transactions and Reports Analysis Centre of Canada","Compaq Canada Inc.",06002-05-0311,2006-02-03,"1226 - Computer Hardware",,2006-03-03,50240.00,
http://www.fintrac-canafe.gc.ca/publications/PD/cd/det-eng.asp?ID=92,"Financial Transactions and Reports Analysis Centre of Canada","Toshiba of Canada Ltd",06002-05-0312,2006-02-03,"1226 - Portege M300 Notebooks",,2006-03-10,19648.00,
http://www.fintrac-canafe.gc.ca/publications/PD/cd/det-eng.asp?ID=106,"Financial Transactions and Reports Analysis Centre of Canada","Charles Seeto",06002-05-0321,2006-02-06,"0499 - Professional services","2006-02-10 to 2006-03-31",,15000.00,
http://www.fintrac-canafe.gc.ca/publications/PD/cd/det-eng.asp?ID=105,"Financial Transactions and Reports Analysis Centre of Canada",Coradix,06002-05-0320,2006-02-06,"0472 - Application Architect","2006-02-13 to 2006-03-31",,19100.00,
http://www.fintrac-canafe.gc.ca/publications/PD/cd/det-eng.asp?ID=107,"Financial Transactions and Reports Analysis Centre of Canada","Ridge Falls House Inc.",06002-05-0336,2006-02-14,"0491 - Temporary Help Services Technical Writer","2006-02-15 to 2006-03-15",,10000.00,
http://www.fintrac-canafe.gc.ca/publications/PD/cd/det-eng.asp?ID=116,"Financial Transactions and Reports Analysis Centre of Canada","Xerox Canada",06002-05-0340,2006-02-14,"0533 - 5 year Rental &amp; Maintenance contract for photocopier","2006-03-01 to 2007-03-01",,27277.80,
http://www.fintrac-canafe.gc.ca/publications/PD/cd/det-eng.asp?ID=93,"Financial Transactions and Reports Analysis Centre of Canada","Northern Micro Inc.",06002-05-0341,2006-02-17,"1226 - Desktop computers",,2006-03-01,35478.00,
http://www.fintrac-canafe.gc.ca/publications/PD/cd/det-eng.asp?ID=94,"Financial Transactions and Reports Analysis Centre of Canada","The MathWorks Inc.",06002-05-0343,2006-02-20,"1226 - Annual software maintenance","2005-09-01 to 2006-09-01",,10272.96,
http://www.fintrac-canafe.gc.ca/publications/PD/cd/det-eng.asp?ID=95,"Financial Transactions and Reports Analysis Centre of Canada","Onix Lazer Corporation",06002-05-0349,2006-02-23,"1226 - Computer hardware",,2006-03-03,60488.00,
http://www.fintrac-canafe.gc.ca/publications/PD/cd/det-eng.asp?ID=96,"Financial Transactions and Reports Analysis Centre of Canada","Xwave An Aliant Company",06002-05-0350,2006-02-23,"1226 - Portege M300 Notebooks",,2006-03-03,22560.00,
http://www.fintrac-canafe.gc.ca/publications/PD/cd/det-eng.asp?ID=97,"Financial Transactions and Reports Analysis Centre of Canada","Capello Audio",06002-05-0354,2006-02-27,"1226 - LCD Screen",,2006-03-08,9990.00,
http://www.fintrac-canafe.gc.ca/publications/PD/cd/det-eng.asp?ID=113,"Financial Transactions and Reports Analysis Centre of Canada","Barbara Personnel",06002-05-0361,2006-03-03,"0813 - Temporary Help Services Administration","2006-03-06 to 2006-05-31",,9859.12,
http://www.fintrac-canafe.gc.ca/publications/PD/cd/det-eng.asp?ID=98,"Financial Transactions and Reports Analysis Centre of Canada","Forrester Reseach Inc.",06002-05-0362,2006-03-06,"0821 - Subscription 1 year renewal","2006-03-31 to 2007-03-30",,31185.00,
http://www.fintrac-canafe.gc.ca/publications/PD/cd/det-eng.asp?ID=84,"Financial Transactions and Reports Analysis Centre of Canada","IBM Canada Ltd",06002-05-0368,2006-03-09,"0499 - IT Architect/Senior Developer","2006-02-06 to 2006-06-30",,160933.35,
http://www.fintrac-canafe.gc.ca/publications/PD/cd/det-eng.asp?ID=115,"Financial Transactions and Reports Analysis Centre of Canada","Teknion Furniture Systems",06002-05-0369,2006-03-09,"1231 - Office furniture",,2006-03-23,22210.05,
http://www.fintrac-canafe.gc.ca/publications/PD/cd/det-eng.asp?ID=100,"Financial Transactions and Reports Analysis Centre of Canada","Xwave An Aliant Company",06002-05-0372,2006-03-14,"1226 - Computer Hardware",,2006-03-22,89385.17,
http://www.fintrac-canafe.gc.ca/publications/PD/cd/det-eng.asp?ID=114,"Financial Transactions and Reports Analysis Centre of Canada","KPMG LLP",06002-05-0364,2006-03-20,"0401 - Accounting services","2006-03-20 to 2006-06-30",,25000.00,
http://www.fintrac-canafe.gc.ca/publications/PD/cd/det-eng.asp?ID=102,"Financial Transactions and Reports Analysis Centre of Canada","Quest Software Inc.",06002-05-0389,2006-03-31,"0670 - Software maintenance renewal","2006-02-28 to 2009-02-27",,16972.19,
http://www.fintrac-canafe.gc.ca/publications/PD/cd/det-eng.asp?ID=101,"Financial Transactions and Reports Analysis Centre of Canada","Capello Audio",06002-05-0388,2006-03-31,"0669 - Maintenance Agreement","2006-03-31 to 2007-03-30",,19000.00,
http://www.fintrac-canafe.gc.ca/publications/PD/cd/det-eng.asp?ID=75,"Financial Transactions and Reports Analysis Centre of Canada","Advanced Policy Concepts Inc.",06002-05-0203,2005-10-28,"0499 - Professional Services, address issues related to new Ops Sector","2005-10-31 to 2005-12-31",,22800.00,
http://www.fintrac-canafe.gc.ca/publications/PD/cd/det-eng.asp?ID=79,"Financial Transactions and Reports Analysis Centre of Canada",HRWARE,06002-05-0202,2005-10-28,"0670 - HR System Annual Maintenance Fee","2005-11-15 to 2006-11-14",,11245.00,
http://www.fintrac-canafe.gc.ca/publications/PD/cd/det-eng.asp?ID=76,"Financial Transactions and Reports Analysis Centre of Canada",Intersol,06002-05-0225,2005-11-18,"0499 - Professional Services, Design &amp; facilitate Sector retreat","2005-11-18 to 2005-12-01",,18150.00,
http://www.fintrac-canafe.gc.ca/publications/PD/cd/det-eng.asp?ID=74,"Financial Transactions and Reports Analysis Centre of Canada","Projestic International",06002-05-0223,2005-11-21,"0813 - Temporary Help, Senior Facilitator","2005-11-21 to 2006-03-31",,22500.00,
http://www.fintrac-canafe.gc.ca/publications/PD/cd/det-eng.asp?ID=73,"Financial Transactions and Reports Analysis Centre of Canada","Hewlett Packard",06002-05-0238,2005-12-01,"0670 - HP Hardware maintenance onsite support","2005-12-01 to 2006-11-30",,10908.00,
http://www.fintrac-canafe.gc.ca/publications/PD/cd/det-eng.asp?ID=72,"Financial Transactions and Reports Analysis Centre of Canada","Excel HR",06002-05-0237,2005-12-12,"0813 - Temporary Help, QA Tester","2005-12-12 to 2005-02-20",,13200.00,
http://www.fintrac-canafe.gc.ca/publications/PD/cd/det-eng.asp?ID=77,"Financial Transactions and Reports Analysis Centre of Canada","Gilmore Doculink International",06002-05-0243,2005-12-15,"0331 - Printing of FINTRAC Brochures",,2006-01-15,11981.00,
http://www.fintrac-canafe.gc.ca/publications/PD/cd/det-eng.asp?ID=78,"Financial Transactions and Reports Analysis Centre of Canada","Andrew Machalski &amp; Associates",06002-05-0248,2005-12-30,"0499 - Multilingual Media monitoring","2006-01-03 to 2006-03-31",,24950.00,
http://www.fintrac-canafe.gc.ca/publications/PD/cd/det-eng.asp?ID=61,"Financial Transactions and Reports Analysis Centre of Canada",Softchoice,06002-05-0116,2005-07-07,"1228 - Software Licences",,2005-07-07,12710.00,
http://www.fintrac-canafe.gc.ca/publications/PD/cd/det-eng.asp?ID=62,"Financial Transactions and Reports Analysis Centre of Canada",CGI,06002-05-0126,2005-07-18,"0670 - Maintenance for RDIMS","2005-04-01 to 2006-03-31",,23250.00,
http://www.fintrac-canafe.gc.ca/publications/PD/cd/det-eng.asp?ID=63,"Financial Transactions and Reports Analysis Centre of Canada",Cognos,06002-05-0136,2005-08-04,"0670 - Maintenance support renewal","2005-08-31 to 2006-08-30",,36660.00,
http://www.fintrac-canafe.gc.ca/publications/PD/cd/det-eng.asp?ID=69,"Financial Transactions and Reports Analysis Centre of Canada","Drake Beam Morin",06002-05-0143,2005-08-08,"0499 - Out placement/Career counselling services","2005-08-08 to 2006-08-08",,23000.00,
http://www.fintrac-canafe.gc.ca/publications/PD/cd/det-eng.asp?ID=67,"Financial Transactions and Reports Analysis Centre of Canada","Right Management Consultants",06002-05-0142,2005-08-08,"0499 - Out placement/Career counselling services","2005-08-08 to 2006-08-08",,23000.00,
http://www.fintrac-canafe.gc.ca/publications/PD/cd/det-eng.asp?ID=66,"Financial Transactions and Reports Analysis Centre of Canada","KWA Partners",06002-05-0141,2005-08-08,"0499 - Out placement/Career counselling services","2005-08-08 to 2006-08-08",,23000.00,
http://www.fintrac-canafe.gc.ca/publications/PD/cd/det-eng.asp?ID=65,"Financial Transactions and Reports Analysis Centre of Canada","ACAM Specialists",06002-05-0138,2005-08-10,"0448 - Employees training","-00-00 to -00-00",,13052.65,
http://www.fintrac-canafe.gc.ca/publications/PD/cd/det-eng.asp?ID=64,"Financial Transactions and Reports Analysis Centre of Canada",Winmagic,06002-05-0164,2005-09-06,"0670 - Maintenance renewal","2005-07-10 to 2006-07-09",,10187.70,
http://www.fintrac-canafe.gc.ca/publications/PD/cd/det-eng.asp?ID=70,"Financial Transactions and Reports Analysis Centre of Canada","AMTEK Engineering Services Ltd.",06002-05-0155,2005-09-23,"0813 - Temp. Help services - Procurement Officer","2005-09-26 to 2005-11-07",,14580.00,
http://www.fintrac-canafe.gc.ca/publications/PD/cd/det-eng.asp?ID=49,"Financial Transactions and Reports Analysis Centre of Canada","Gilmore Doculink International",06002-05-0012,2005-04-04,"0210 - Warehousing and Distributions","2005-04-01 to 2006-03-31",,18000.00,
http://www.fintrac-canafe.gc.ca/publications/PD/cd/det-eng.asp?ID=50,"Financial Transactions and Reports Analysis Centre of Canada","FSG Consultants",06002-05-0035,2005-04-21,"0472 - Programmer","2005-04-25 to 2005-08-05",,38700.00,
http://www.fintrac-canafe.gc.ca/publications/PD/cd/det-eng.asp?ID=51,"Financial Transactions and Reports Analysis Centre of Canada",Argent,06002-05-0059,2005-05-11,"0670 - Maintenance Renewal","2005-06-30 to 2006-06-30",,24410.00,
http://www.fintrac-canafe.gc.ca/publications/PD/cd/det-eng.asp?ID=52,"Financial Transactions and Reports Analysis Centre of Canada","Xerox Canada",06002-05-0056,2005-05-16,"0533 - 5 year photocopier rental (Montreal)","2005-05-16 to 2010-05-16",,10920.00,
http://www.fintrac-canafe.gc.ca/publications/PD/cd/det-eng.asp?ID=53,"Financial Transactions and Reports Analysis Centre of Canada","Embarcadero Technologies. Inc",06002-05-0058,2005-05-18,"0670 - Maintenance on existing software","2005-05-26 to 2006-05-26",,19789.06,
http://www.fintrac-canafe.gc.ca/publications/PD/cd/det-eng.asp?ID=54,"Financial Transactions and Reports Analysis Centre of Canada","The Conference Board of Canada",06002-05-0073,2005-06-03,"0491 - Employee engagement and organizational wellness","2005-05-05 to 2006-03-31",,24993.00,
http://www.fintrac-canafe.gc.ca/publications/PD/cd/det-eng.asp?ID=55,"Financial Transactions and Reports Analysis Centre of Canada","Gowlings Consulting Inc.",06002-05-0074,2005-06-08,"0491 - Privacy Impact Assessment","2005-06-09 to 2005-08-12",,15000.00,
http://www.fintrac-canafe.gc.ca/publications/PD/cd/det-eng.asp?ID=56,"Financial Transactions and Reports Analysis Centre of Canada","Xerox Canada",06002-05-0082,2005-06-09,"0533 - Rental of colour Photocopier","2005-06-23 to 2010-06-23",,25690.00,
http://www.fintrac-canafe.gc.ca/publications/PD/cd/det-eng.asp?ID=57,"Financial Transactions and Reports Analysis Centre of Canada","Mitta Procurement Specialist",06002-05-0083,2005-06-13,"0499 - Senior Procurement Specialist","2005-06-20 to 2005-12-02",,20000.00,
http://www.fintrac-canafe.gc.ca/publications/PD/cd/det-eng.asp?ID=58,"Financial Transactions and Reports Analysis Centre of Canada","Advanced Policy Concepts Inc.",06002-05-0096,2005-06-23,"0499 - Develop integrated performance commitments","2005-06-23 to 2005-09-30",,16500.00,
http://www.fintrac-canafe.gc.ca/publications/PD/cd/det-eng.asp?ID=59,"Financial Transactions and Reports Analysis Centre of Canada","FreeBalance Inc.",06002-05-0104,2005-06-28,"0670 - Software maintenance","2005-04-01 to 2006-03-31",,40980.00,
http://www.fintrac-canafe.gc.ca/publications/PD/cd/det-eng.asp?ID=60,"Financial Transactions and Reports Analysis Centre of Canada","Manicom Consulting Ltd.",06002-05-0107,2005-06-29,"0499 - IT Advice","2005-06-29 to 2005-12-31",,22750.00,
http://www.fintrac-canafe.gc.ca/publications/PD/cd/det-eng.asp?ID=42,"Financial Transactions and Reports Analysis Centre of Canada","Piamonte Painting &amp; Wall Covering",06002-04-0211,2005-02-08,"0630 - Painting of the 23rd &amp; 24th Floors.","2005-02-08 to 2005-03-31",,21150.00,
http://www.fintrac-canafe.gc.ca/publications/PD/cd/det-eng.asp?ID=41,"Financial Transactions and Reports Analysis Centre of Canada","Drake Beam Morin",06002-04-0235,2005-02-28,"0499 - Career counselling","2005-03-01 to 2005-09-30",,23000.00,
http://www.fintrac-canafe.gc.ca/publications/PD/cd/det-eng.asp?ID=25,"Financial Transactions and Reports Analysis Centre of Canada",Entrust,06002-04-0238,2005-03-01,"0670 - Support services","2005-04-01 to 2006-03-31",,14657.81,
http://www.fintrac-canafe.gc.ca/publications/PD/cd/det-eng.asp?ID=26,"Financial Transactions and Reports Analysis Centre of Canada","FrontRange Solutions USA, Inc",06002-04-0240,2005-03-01,"0670 - Maintenance contract","2005-03-01 to 2006-02-28",,25997.19,
http://www.fintrac-canafe.gc.ca/publications/PD/cd/det-eng.asp?ID=43,"Financial Transactions and Reports Analysis Centre of Canada","Murray Management Consulting",06002-04-0291,2005-03-10,"0491 - Refining the performance measurement system","2005-03-10 to 2005-06-30",,22000.00,
http://www.fintrac-canafe.gc.ca/publications/PD/cd/det-eng.asp?ID=24,"Financial Transactions and Reports Analysis Centre of Canada","Learning Tree International",06002-04-0257,2005-03-11,"0447 - Employee Training","2005-03-01 to 2006-03-01",,41000.00,
http://www.fintrac-canafe.gc.ca/publications/PD/cd/det-eng.asp?ID=28,"Financial Transactions and Reports Analysis Centre of Canada","Laurier Computer",06002-04-0258,2005-03-14,"1226 - SDRAM-SIDED",,2005-03-18,16000.00,
http://www.fintrac-canafe.gc.ca/publications/PD/cd/det-eng.asp?ID=33,"Financial Transactions and Reports Analysis Centre of Canada","Hewlett Packard",06002-04-0271,2005-03-15,"1228 - Software license","2005-03-19 to 2006-03-18",,62557.44,
http://www.fintrac-canafe.gc.ca/publications/PD/cd/det-eng.asp?ID=34,"Financial Transactions and Reports Analysis Centre of Canada","ONX Enterprise Solutions Inc.",06002-04-0277,2005-03-16,"1226 - Unix server memory and disk subsystem",,2005-03-29,339883.61,
http://www.fintrac-canafe.gc.ca/publications/PD/cd/det-eng.asp?ID=35,"Financial Transactions and Reports Analysis Centre of Canada",3-Soft,06002-04-0279,2005-03-16,"0670 - Software Maintenance","2005-03-24 to 2005-03-30",,119342.00,
http://www.fintrac-canafe.gc.ca/publications/PD/cd/det-eng.asp?ID=30,"Financial Transactions and Reports Analysis Centre of Canada","Northern Micro Inc.",06002-04-0265,2005-03-18,"0670 - Network equipment maintenance","2005-03-14 to 2005-03-18",,37058.00,
http://www.fintrac-canafe.gc.ca/publications/PD/cd/det-eng.asp?ID=29,"Financial Transactions and Reports Analysis Centre of Canada","Capello Audio",06002-04-0264,2005-03-18,"1225 - Polycom VSX8000",,2005-03-18,28890.00,
http://www.fintrac-canafe.gc.ca/publications/PD/cd/det-eng.asp?ID=36,"Financial Transactions and Reports Analysis Centre of Canada","Cognos Inc.",06002-04-0289,2005-03-22,"1228 - ReportNet Software",,2005-03-29,89687.00,
http://www.fintrac-canafe.gc.ca/publications/PD/cd/det-eng.asp?ID=37,"Financial Transactions and Reports Analysis Centre of Canada","Laurier Computer",06002-04-0292,2005-03-23,"1226 - Server Upgrade","2005-03-23 to 2005-03-29",,9398.00,
http://www.fintrac-canafe.gc.ca/publications/PD/cd/det-eng.asp?ID=38,"Financial Transactions and Reports Analysis Centre of Canada","Embarcadero Technologies. Inc",06002-04-0294,2005-03-24,"1228 - Software Upgrade",,2005-03-29,27613.30,
http://www.fintrac-canafe.gc.ca/publications/PD/cd/det-eng.asp?ID=39,"Financial Transactions and Reports Analysis Centre of Canada","CommVault Canada",06002-04-0296,2005-03-29,"0670 - Support &amp; Maintenance","2005-03-25 to 2006-03-24",,11500.00,
http://www.fintrac-canafe.gc.ca/publications/PD/cd/det-eng.asp?ID=40,"Financial Transactions and Reports Analysis Centre of Canada","Kifinti Solutions",06002-04-0298,2005-03-30,"0472 - Heat Software Maintenance &amp; support",,2005-03-31,18498.46,
http://www.fintrac-canafe.gc.ca/publications/PD/cd/det-eng.asp?ID=27,"Financial Transactions and Reports Analysis Centre of Canada","Forrester Research Inc.",06002-04-0243,2005-03-31,"0821 - Forrester Oval Program","2005-03-31 to 2006-03-30",,31002.50,
http://www.fintrac-canafe.gc.ca/publications/PD/cd/det-eng.asp?ID=32,"Financial Transactions and Reports Analysis Centre of Canada","Cognos Inc.",06002-04-0270,2005-03-31,"0670 - Software maintenance","2005-03-31 to 2006-03-30",,19567.60,
http://www.fintrac-canafe.gc.ca/publications/PD/cd/det-eng.asp?ID=31,"Financial Transactions and Reports Analysis Centre of Canada","Capello Audio",06002-04-0268,2005-03-31,"0670 - Maintenance Agreement","2005-03-31 to 2006-03-30",,19000.00,
http://www.fintrac-canafe.gc.ca/publications/PD/cd/det-eng.asp?ID=44,"Financial Transactions and Reports Analysis Centre of Canada",HRWARE,06002-04-0123,2004-10-06,"0670 - Annual Maintenance","2004-11-15 to 2005-11-15",,11245.00,
http://www.fintrac-canafe.gc.ca/publications/PD/cd/det-eng.asp?ID=45,"Financial Transactions and Reports Analysis Centre of Canada","Andrew Machalski",06002-04-0121,2004-10-06,"0352 - Media Monitoring","2004-10-15 to 2005-02-15",,24000.00,
http://www.fintrac-canafe.gc.ca/publications/PD/cd/det-eng.asp?ID=46,"Financial Transactions and Reports Analysis Centre of Canada","Xception International",06002-04-0150,2004-11-17,"1231 - Office Furniture",,2004-12-29,10008.66,
http://www.fintrac-canafe.gc.ca/publications/PD/cd/det-eng.asp?ID=47,"Financial Transactions and Reports Analysis Centre of Canada","Influatec Systems Inc.",06002-04-0156,2004-11-24,"1228 - Acquisition of SMS tm System","2004-12-02 to 2005-03-31",,92500.00,
http://www.fintrac-canafe.gc.ca/publications/PD/cd/det-eng.asp?ID=48,"Financial Transactions and Reports Analysis Centre of Canada","Hewlett Parckard",06002-04-0169,2004-12-03,"1228 - Software License",,2004-12-06,124997.70,
http://www.fintrac-canafe.gc.ca/publications/PD/cd/det-eng.asp?ID=23,"Financial Transactions and Reports Analysis Centre of Canada","GLS Design",06002-04-0085,2004-08-10,"0351 - Design annual report","2004-08-10 to 2004-10-15",,14675.00,
http://www.fintrac-canafe.gc.ca/publications/PD/cd/det-eng.asp?ID=2,"Financial Transactions and Reports Analysis Centre of Canada","Cognos Inc.",06002-04-0089,2004-08-13,"1228 - Software upgrade",,2004-08-27,102500.00,
http://www.fintrac-canafe.gc.ca/publications/PD/cd/det-eng.asp?ID=3,"Financial Transactions and Reports Analysis Centre of Canada","Dell Computer Corporation",06002-04-0096,2004-08-25,"1227 - 5 laptops",,2004-08-27,12500.50,
http://www.fintrac-canafe.gc.ca/publications/PD/cd/det-eng.asp?ID=5,"Financial Transactions and Reports Analysis Centre of Canada","Custom Printings",06002-04-0117,2004-09-29,"0331 - Printing for FINTRAC&#39;s 2004 Annual Report","2004-09-30 to 2004-10-15",,17998.00,
http://www.fintrac-canafe.gc.ca/publications/PD/cd/det-eng.asp?ID=19,"Financial Transactions and Reports Analysis Centre of Canada","Gilmore Doculink International",06002-04-0062,2004-04-01,"0212 - Mailing services","2004-04-01 to 2005-03-31",,18000.00,
http://www.fintrac-canafe.gc.ca/publications/PD/cd/det-eng.asp?ID=6,"Financial Transactions and Reports Analysis Centre of Canada","J.W. Quinn Management Consultant",06002-04-0006,2004-04-01,"0491 - Costing and evaluation","2004-04-01 to 2004-06-15",,19800.00,
http://www.fintrac-canafe.gc.ca/publications/PD/cd/det-eng.asp?ID=10,"Financial Transactions and Reports Analysis Centre of Canada",3-Soft,06002-04-0026,2004-05-05,"0670 - FrontPage 2003/Office Pro 2003/Project 2003/Visio",,2004-05-28,69935.00,
http://www.fintrac-canafe.gc.ca/publications/PD/cd/det-eng.asp?ID=12,"Financial Transactions and Reports Analysis Centre of Canada","Embarcadero Technologies. Inc.",06002-04-0044,2004-05-26,"0670 - Maintenance renewal","2004-05-27 to 2005-05-27",,17130.00,
http://www.fintrac-canafe.gc.ca/publications/PD/cd/det-eng.asp?ID=11,"Financial Transactions and Reports Analysis Centre of Canada","Manicom Consulting Ltd",06002-04-0043,2004-05-26,"0499 - Assessment and selection of approaches","2004-05-28 to 2004-10-31",,22750.00,
http://www.fintrac-canafe.gc.ca/publications/PD/cd/det-eng.asp?ID=14,"Financial Transactions and Reports Analysis Centre of Canada","Allan Bonner Communications Management Inc.",06002-04-0048,2004-06-03,"0448 - Media Training","2004-06-03 to 2004-07-06",,20000.00,
http://www.fintrac-canafe.gc.ca/publications/PD/cd/det-eng.asp?ID=15,"Financial Transactions and Reports Analysis Centre of Canada","ONX Enterprise Solutions Inc.",06002-04-0050,2004-06-09,"1226 - SDRAM memory/Fiber channel adapter",,2004-06-25,73933.08,
http://www.fintrac-canafe.gc.ca/publications/PD/cd/det-eng.asp?ID=21,"Financial Transactions and Reports Analysis Centre of Canada","Learning Tree International",06002-04-0068,2004-06-14,"0447 - Employee training","2004-06-22 to 2004-06-25",,15912.78,
http://www.fintrac-canafe.gc.ca/publications/PD/cd/det-eng.asp?ID=18,"Financial Transactions and Reports Analysis Centre of Canada","Drake Beam Morin",06002-04-0061,2004-06-28,"0499 - Career counselling","2004-07-05 to 2005-03-31",,23000.00,
http://www.fintrac-canafe.gc.ca/publications/PD/cd/det-eng.asp?ID=17,"Financial Transactions and Reports Analysis Centre of Canada","Right Management Consultants",06002-04-0060,2004-06-28,"0499 - Career counselling","2004-07-05 to 2005-03-31",,23000.00,
http://www.fintrac-canafe.gc.ca/publications/PD/cd/det-eng.asp?ID=16,"Financial Transactions and Reports Analysis Centre of Canada","KWA Partners",06002-04-0059,2004-06-28,"0499 - Career counselling","2004-07-05 to 2005-03-31",,23000.00,
