http://www.infc.gc.ca/pd-dp/pdc-dpm/reports-rapports-eng.php?t1=c&ref=4505675&p=2009&q=1,"Infrastructure Canada",,,,,,,,
http://www.infc.gc.ca/pd-dp/pdc-dpm/reports-rapports-eng.php?t1=c&ref=3508532&p=2009&q=1,"Infrastructure Canada",,,,,,,,
http://www.infc.gc.ca/pd-dp/pdc-dpm/reports-rapports-eng.php?t1=c&ref=3024648&p=2009&q=1,"Infrastructure Canada",,,,,,,,
http://www.infc.gc.ca/pd-dp/pdc-dpm/reports-rapports-eng.php?t1=c&ref=3024628&p=2009&q=1,"Infrastructure Canada",,,,,,,,
http://www.infc.gc.ca/pd-dp/pdc-dpm/reports-rapports-eng.php?t1=c&ref=3508457&p=2009&q=1,"Infrastructure Canada",,,,,,,,
http://www.infc.gc.ca/pd-dp/pdc-dpm/reports-rapports-eng.php?t1=c&ref=3508456&p=2009&q=1,"Infrastructure Canada",,,,,,,,
http://www.infc.gc.ca/pd-dp/pdc-dpm/reports-rapports-eng.php?t1=c&ref=3508453&p=2009&q=1,"Infrastructure Canada",,,,,,,,
http://www.infc.gc.ca/pd-dp/pdc-dpm/reports-rapports-eng.php?t1=c&ref=3508450&p=2009&q=1,"Infrastructure Canada",,,,,,,,
http://www.infc.gc.ca/pd-dp/pdc-dpm/reports-rapports-eng.php?t1=c&ref=3508367&p=2009&q=1,"Infrastructure Canada",,,,,,,,
http://www.infc.gc.ca/pd-dp/pdc-dpm/reports-rapports-eng.php?t1=c&ref=3508366&p=2009&q=1,"Infrastructure Canada",,,,,,,,
http://www.infc.gc.ca/pd-dp/pdc-dpm/reports-rapports-eng.php?t1=c&ref=3024597&p=2009&q=1,"Infrastructure Canada",,,,,,,,
http://www.infc.gc.ca/pd-dp/pdc-dpm/reports-rapports-eng.php?t1=c&ref=4505609&p=2009&q=1,"Infrastructure Canada",,,,,,,,
http://www.infc.gc.ca/pd-dp/pdc-dpm/reports-rapports-eng.php?t1=c&ref=4505593&p=2009&q=1,"Infrastructure Canada",,,,,,,,
http://www.infc.gc.ca/pd-dp/pdc-dpm/reports-rapports-eng.php?t1=c&ref=4505584&p=2009&q=1,"Infrastructure Canada",,,,,,,,
