http://www.neb-one.gc.ca/cntrctsrprtng/vwcntrct.aspx?id=547,"National Energy Board","Certus Strategies",,2008-07-25,"0617 Other Professional Services",,,,
http://www.neb-one.gc.ca/cntrctsrprtng/vwcntrct.aspx?id=546,"National Energy Board","IT Services Canada",,2008-07-17,"0602 Information Technology Consultants",,,,
http://www.neb-one.gc.ca/cntrctsrprtng/vwcntrct.aspx?id=549,"National Energy Board","IT Services Canada Ltd.",,2008-07-15,"0618 Other Business Services",,,,
http://www.neb-one.gc.ca/cntrctsrprtng/vwcntrct.aspx?id=545,"National Energy Board","Diamind Technologies Inc.",,2008-07-11,"0602 Information Technology Consultants",,,,
http://www.neb-one.gc.ca/cntrctsrprtng/vwcntrct.aspx?id=542,"National Energy Board","Envirotech Engineering",,2008-07-03,"0618 Other Business Services",,,,
http://www.neb-one.gc.ca/cntrctsrprtng/vwcntrct.aspx?id=535,"National Energy Board","Informetrica Ltd.",,2008-06-24,"0617 Other Professional Services",,,,
http://www.neb-one.gc.ca/cntrctsrprtng/vwcntrct.aspx?id=548,"National Energy Board","Certus Strategies",,2008-06-24,"0618 Other Business Services",,,,
http://www.neb-one.gc.ca/cntrctsrprtng/vwcntrct.aspx?id=540,"National Energy Board","Emond Harnden",,2008-06-23,"0603 Other Consulting Services",,,,
http://www.neb-one.gc.ca/cntrctsrprtng/vwcntrct.aspx?id=533,"National Energy Board","Paula Rennie",,2008-06-23,"0613 Translation Services",,,,
http://www.neb-one.gc.ca/cntrctsrprtng/vwcntrct.aspx?id=534,"National Energy Board","Services Linguistiques DEB Langauge Services",,2008-06-19,"0613 Translation Services",,,,
http://www.neb-one.gc.ca/cntrctsrprtng/vwcntrct.aspx?id=536,"National Energy Board","Communication Gama Inc.",,2008-06-19,"0613 Translation Services",,,,
http://www.neb-one.gc.ca/cntrctsrprtng/vwcntrct.aspx?id=532,"National Energy Board","Boettger and Associates",,2008-06-18,"0612 Legal Services",,,,
http://www.neb-one.gc.ca/cntrctsrprtng/vwcntrct.aspx?id=538,"National Energy Board","Thema Communications Inc.",,2008-06-16,"0613 Translation Services",,,,
http://www.neb-one.gc.ca/cntrctsrprtng/vwcntrct.aspx?id=528,"National Energy Board","Wendy Ryan",,2008-06-12,"0617 Other Professional Services",,,,
http://www.neb-one.gc.ca/cntrctsrprtng/vwcntrct.aspx?id=529,"National Energy Board","PIRA Energy Group",,2008-06-12,"0617 Other Professional Services",,,,"US dollars"
http://www.neb-one.gc.ca/cntrctsrprtng/vwcntrct.aspx?id=527,"National Energy Board","Terra Reproductions Inc.",,2008-06-03,"0603 Other Consulting Services",,,,
http://www.neb-one.gc.ca/cntrctsrprtng/vwcntrct.aspx?id=537,"National Energy Board","Ross Smith Energy Group Ltd.",,2008-06-01,"0617 Other Professional Services",,,,
http://www.neb-one.gc.ca/cntrctsrprtng/vwcntrct.aspx?id=543,"National Energy Board","NOVA Wireless Consulting",,2008-05-23,"0411 Training Consultants",,,,
http://www.neb-one.gc.ca/cntrctsrprtng/vwcntrct.aspx?id=520,"National Energy Board","DMTI Spatial Inc.",,2008-05-20,"0912 Library - Periodicals",,,,
http://www.neb-one.gc.ca/cntrctsrprtng/vwcntrct.aspx?id=531,"National Energy Board","Rowan Tree Books Ltd.",,2008-05-14,"0617 Other Professional Services",,,,
http://www.neb-one.gc.ca/cntrctsrprtng/vwcntrct.aspx?id=544,"National Energy Board","Rogers Direct",,2008-05-12,"1121 Voice Communication Equipment",,,,
http://www.neb-one.gc.ca/cntrctsrprtng/vwcntrct.aspx?id=541,"National Energy Board","Thomas Balaski",,2008-05-09,"0617 Other Professional Services",,,,
http://www.neb-one.gc.ca/cntrctsrprtng/vwcntrct.aspx?id=517,"National Energy Board","Lexis Nexis Canada Inc.",,2008-05-09,"0618 Other Business Services",,,,
http://www.neb-one.gc.ca/cntrctsrprtng/vwcntrct.aspx?id=530,"National Energy Board","Centre for Strategic Management Inc.",,2008-05-08,"0617 Other Professional Services",,,,
http://www.neb-one.gc.ca/cntrctsrprtng/vwcntrct.aspx?id=513,"National Energy Board","Robert D. Bott",,2008-05-06,"0617 Other Professional Services",,,,
http://www.neb-one.gc.ca/cntrctsrprtng/vwcntrct.aspx?id=510,"National Energy Board","Ajilon Canada Inc.",,2008-05-02,"0603 Other Consulting Services",,,,
http://www.neb-one.gc.ca/cntrctsrprtng/vwcntrct.aspx?id=499,"National Energy Board","Eagle Professional Resources Inc.",,2008-04-29,"0602 Information Technology Consultants",,,,
http://www.neb-one.gc.ca/cntrctsrprtng/vwcntrct.aspx?id=493,"National Energy Board","Microsoft Canada Co.",,2008-04-05,"1201 Repairs - Computer Hardware and Software",,,,
http://www.neb-one.gc.ca/cntrctsrprtng/vwcntrct.aspx?id=495,"National Energy Board","Geologic Systems Ltd.",,2008-04-01,"0911 Library &acirc;&#128;&#147; Books &amp; Other",,,,
http://www.neb-one.gc.ca/cntrctsrprtng/vwcntrct.aspx?id=490,"National Energy Board","Open Text Corporation",,2008-04-01,"1201 Repairs - Computer Hardware and Software",,,,
http://www.neb-one.gc.ca/cntrctsrprtng/vwcntrct.aspx?id=524,"National Energy Board","Darlene Ursalak",,2008-04-01,"0603 Other Consulting Services",,,,
http://www.neb-one.gc.ca/cntrctsrprtng/vwcntrct.aspx?id=525,"National Energy Board","Jean Ragan",,2008-04-01,"0603 Other Consulting Services",,,,
http://www.neb-one.gc.ca/cntrctsrprtng/vwcntrct.aspx?id=489,"National Energy Board","Open Text Corp.",,2008-03-31,"1201 Repairs - Computer Hardware and Software",,,,
http://www.neb-one.gc.ca/cntrctsrprtng/vwcntrct.aspx?id=496,"National Energy Board","Freebalance Inc.",,2008-03-31,"1201 Repairs - Computer Hardware and Software",,,,
http://www.neb-one.gc.ca/cntrctsrprtng/vwcntrct.aspx?id=539,"National Energy Board","Xerox Canada Ltd.",,2008-03-30,"1112 Other Office Equipment and Parts",,,,
http://www.neb-one.gc.ca/cntrctsrprtng/vwcntrct.aspx?id=486,"National Energy Board","Wood Mackenzie",,2008-03-28,"0617 Other Professional Services",,,,
http://www.neb-one.gc.ca/cntrctsrprtng/vwcntrct.aspx?id=488,"National Energy Board","Lippman Consulting Inc.",,2008-03-27,"0617 Other Professional Services",,,,
http://www.neb-one.gc.ca/cntrctsrprtng/vwcntrct.aspx?id=491,"National Energy Board","Dell Canada Inc.",,2008-03-27,"1104 Server / Printers / Components",,,,
http://www.neb-one.gc.ca/cntrctsrprtng/vwcntrct.aspx?id=521,"National Energy Board","Bridgetown Consulting Inc.",,2008-03-27,"0603 Other Consulting Services",,,,
http://www.neb-one.gc.ca/cntrctsrprtng/vwcntrct.aspx?id=522,"National Energy Board","IT Services Canada Inc.",,2008-03-27,"0603 Other Consulting Services",,,,
http://www.neb-one.gc.ca/cntrctsrprtng/vwcntrct.aspx?id=523,"National Energy Board","Diamind Technologies Inc.",,2008-03-27,"0603 Other Consulting Services",,,,
http://www.neb-one.gc.ca/cntrctsrprtng/vwcntrct.aspx?id=526,"National Energy Board","Totem Hill Inc.",,2008-03-27,"0603 Other Consulting Services",,,,
http://www.neb-one.gc.ca/cntrctsrprtng/vwcntrct.aspx?id=511,"National Energy Board","Pembina Institue",,2008-03-27,"0601 Management Consultants",,,,
http://www.neb-one.gc.ca/cntrctsrprtng/vwcntrct.aspx?id=508,"National Energy Board","Supreme Basics",,2008-03-27,"0901 Office Supplies",,,,
http://www.neb-one.gc.ca/cntrctsrprtng/vwcntrct.aspx?id=487,"National Energy Board","Wood Mackenzie",,2008-03-26,"0617 Other Professional Services",,,,
http://www.neb-one.gc.ca/cntrctsrprtng/vwcntrct.aspx?id=484,"National Energy Board","Entrust Entelligence Security",,2008-03-26,"1103 Computer Software",,,,
http://www.neb-one.gc.ca/cntrctsrprtng/vwcntrct.aspx?id=492,"National Energy Board",Softchoice,,2008-03-25,"1104 Server / Printers / Components",,,,
http://www.neb-one.gc.ca/cntrctsrprtng/vwcntrct.aspx?id=479,"National Energy Board","CERA Inc",,2008-03-20,"0617 Other Professional Services",,,,
http://www.neb-one.gc.ca/cntrctsrprtng/vwcntrct.aspx?id=512,"National Energy Board","CCSI Technology Solutions Corp.",,2008-03-19,"1201 Repairs - Computer Hardware and Software",,,,
http://www.neb-one.gc.ca/cntrctsrprtng/vwcntrct.aspx?id=477,"National Energy Board","EMC Corporation",,2008-03-18,"1103 Computer Software",,,,
http://www.neb-one.gc.ca/cntrctsrprtng/vwcntrct.aspx?id=480,"National Energy Board","Open Text",,2008-03-18,"1201 Repairs - Computer Hardware and Software",,,,
http://www.neb-one.gc.ca/cntrctsrprtng/vwcntrct.aspx?id=473,"National Energy Board","Softchoice Corp.",,2008-03-17,"1103 Computer Software",,,,
http://www.neb-one.gc.ca/cntrctsrprtng/vwcntrct.aspx?id=471,"National Energy Board","Ajilon Canada Inc.",,2008-03-17,"0602 Information Technology Consultants",,,,
http://www.neb-one.gc.ca/cntrctsrprtng/vwcntrct.aspx?id=475,"National Energy Board","Dell Canada Inc.",,2008-03-12,"1201 Repairs - Computer Hardware and Software",,,,
http://www.neb-one.gc.ca/cntrctsrprtng/vwcntrct.aspx?id=472,"National Energy Board","Mary-Ann Owens",,2008-03-11,"0411 Training Consultants",,,,
http://www.neb-one.gc.ca/cntrctsrprtng/vwcntrct.aspx?id=464,"National Energy Board","Privasoft Corp",,2008-03-11,"1103 Computer Software",,,,
http://www.neb-one.gc.ca/cntrctsrprtng/vwcntrct.aspx?id=503,"National Energy Board","InterCall Canada Inc",,2008-03-11,"1102 Computer Media &amp; Parts",,,,
http://www.neb-one.gc.ca/cntrctsrprtng/vwcntrct.aspx?id=514,"National Energy Board","Mary Ann Owens",,2008-03-11,"0411 Training Consultants",,,,
http://www.neb-one.gc.ca/cntrctsrprtng/vwcntrct.aspx?id=509,"National Energy Board","Xerox Canada Ltd.",,2008-03-08,"1101 Client Computing Devices",,,,
http://www.neb-one.gc.ca/cntrctsrprtng/vwcntrct.aspx?id=507,"National Energy Board","Inland Audio Visual Ltd",,2008-03-07,"1102 Computer Media &amp; Parts",,,,
http://www.neb-one.gc.ca/cntrctsrprtng/vwcntrct.aspx?id=465,"National Energy Board","Rogers Direct",,2008-03-07,"1121 Voice Communication Equipment",,,,
http://www.neb-one.gc.ca/cntrctsrprtng/vwcntrct.aspx?id=481,"National Energy Board","Nisha Technologies Inc.",,2008-03-07,"1101 Client Computing Devices",,,,
http://www.neb-one.gc.ca/cntrctsrprtng/vwcntrct.aspx?id=482,"National Energy Board","Nisha Technologies Inc.",,2008-03-06,"1101 Client Computing Devices",,,,
http://www.neb-one.gc.ca/cntrctsrprtng/vwcntrct.aspx?id=476,"National Energy Board","Acrodex Calgary",,2008-03-06,"1101 Client Computing Devices",,,,
http://www.neb-one.gc.ca/cntrctsrprtng/vwcntrct.aspx?id=497,"National Energy Board","Sydney Plus International Library System Corp.",,2008-03-04,"1201 Repairs - Computer Hardware and Software",,,,
http://www.neb-one.gc.ca/cntrctsrprtng/vwcntrct.aspx?id=500,"National Energy Board","Apache Superior Printing Ltd.",,2008-03-04,"0703 External Printing",,,,
http://www.neb-one.gc.ca/cntrctsrprtng/vwcntrct.aspx?id=506,"National Energy Board",Anixter,,2008-03-03,"1121 Voice Communication Equipment",,,,
http://www.neb-one.gc.ca/cntrctsrprtng/vwcntrct.aspx?id=515,"National Energy Board","725844 Alberta Inc.",,2008-03-01,"1211 Repairs Tenant Services",,,,
http://www.neb-one.gc.ca/cntrctsrprtng/vwcntrct.aspx?id=459,"National Energy Board","Xerox Canada Ltd.",,2008-02-29,"1101 Client Computing Devices",,,,
http://www.neb-one.gc.ca/cntrctsrprtng/vwcntrct.aspx?id=519,"National Energy Board","Inland Audio Visual Ltd",,2008-02-28,"1121 Voice Communication Equipment",,,,
http://www.neb-one.gc.ca/cntrctsrprtng/vwcntrct.aspx?id=504,"National Energy Board",Telus,,2008-02-28,"1121 Voice Communication Equipment",,,,
http://www.neb-one.gc.ca/cntrctsrprtng/vwcntrct.aspx?id=505,"National Energy Board","Inland Audio Visual Ltd",,2008-02-28,"1101 Client Computing Devices",,,,
http://www.neb-one.gc.ca/cntrctsrprtng/vwcntrct.aspx?id=516,"National Energy Board","FreeBalance Inc.",,2008-02-27,"0617 Other Professional Services",,,,
http://www.neb-one.gc.ca/cntrctsrprtng/vwcntrct.aspx?id=467,"National Energy Board","Dell Canada Inc.",,2008-02-25,"1104 Server / Printers / Components",,,,
http://www.neb-one.gc.ca/cntrctsrprtng/vwcntrct.aspx?id=468,"National Energy Board","Dell Canada Inc.",,2008-02-25,"1104 Server / Printers / Components",,,,
http://www.neb-one.gc.ca/cntrctsrprtng/vwcntrct.aspx?id=469,"National Energy Board","Nisha Technologies",,2008-02-25,"1101 Client Computing Devices",,,,
http://www.neb-one.gc.ca/cntrctsrprtng/vwcntrct.aspx?id=498,"National Energy Board","ESRI Canada Ltd.",,2008-02-22,"1201 Repairs - Computer Hardware and Software",,,,
http://www.neb-one.gc.ca/cntrctsrprtng/vwcntrct.aspx?id=470,"National Energy Board","Paystation Inc.",,2008-02-21,"1112 Other Office Equipment and Parts",,,,
http://www.neb-one.gc.ca/cntrctsrprtng/vwcntrct.aspx?id=466,"National Energy Board","Nisha Technologies",,2008-02-21,"1101 Client Computing Devices",,,,
http://www.neb-one.gc.ca/cntrctsrprtng/vwcntrct.aspx?id=483,"National Energy Board","Nisha Technologies",,2008-02-21,"1101 Client Computing Devices",,,,
http://www.neb-one.gc.ca/cntrctsrprtng/vwcntrct.aspx?id=456,"National Energy Board","Eagle Professional Resources Inc.",,2008-02-19,"0602 Information Technology Consultants",,,,
http://www.neb-one.gc.ca/cntrctsrprtng/vwcntrct.aspx?id=457,"National Energy Board","LongView Systems",,2008-02-19,"1101 Client Computing Devices",,,,
http://www.neb-one.gc.ca/cntrctsrprtng/vwcntrct.aspx?id=485,"National Energy Board","Dell Canada Inc.",,2008-02-14,"1103 Computer Software",,,,
http://www.neb-one.gc.ca/cntrctsrprtng/vwcntrct.aspx?id=455,"National Energy Board",Metafore,,2008-02-12,"1201 Repairs - Computer Hardware and Software",,,,
http://www.neb-one.gc.ca/cntrctsrprtng/vwcntrct.aspx?id=502,"National Energy Board","Nisha Technologies",,2008-02-08,"1101 Client Computing Devices",,,,
http://www.neb-one.gc.ca/cntrctsrprtng/vwcntrct.aspx?id=453,"National Energy Board","Rowan Tree Books Ltd",,2008-02-06,"0617 Other Professional Services",,,,
http://www.neb-one.gc.ca/cntrctsrprtng/vwcntrct.aspx?id=501,"National Energy Board","Nisha Technologies",,2008-02-01,"1101 Client Computing Devices",,,,
http://www.neb-one.gc.ca/cntrctsrprtng/vwcntrct.aspx?id=518,"National Energy Board","Sierra Systems Consultants",,2008-01-31,"0618 Other Business Services",,,,
http://www.neb-one.gc.ca/cntrctsrprtng/vwcntrct.aspx?id=450,"National Energy Board","Sierra Systems",,2008-01-31,"0602 Information Technology Consultants",,,,
http://www.neb-one.gc.ca/cntrctsrprtng/vwcntrct.aspx?id=451,"National Energy Board","Eagle Resources",,2008-01-31,"0602 Information Technology Consultants",,,,
http://www.neb-one.gc.ca/cntrctsrprtng/vwcntrct.aspx?id=452,"National Energy Board","Ajilon Canada Inc.",,2008-01-31,"0602 Information Technology Consultants",,,,
http://www.neb-one.gc.ca/cntrctsrprtng/vwcntrct.aspx?id=448,"National Energy Board","Nisha Technologies Inc.",,2008-01-30,"1104 Server / Printers / Components",,,,
http://www.neb-one.gc.ca/cntrctsrprtng/vwcntrct.aspx?id=449,"National Energy Board",MyMacDealer,,2008-01-28,"1101 Client Computing Devices",,,,
http://www.neb-one.gc.ca/cntrctsrprtng/vwcntrct.aspx?id=494,"National Energy Board","Hay Group Limited",,2008-01-21,"0603 Other Consulting Services",,,,
http://www.neb-one.gc.ca/cntrctsrprtng/vwcntrct.aspx?id=444,"National Energy Board","EOS Research and Consulting Ltd.",,2008-01-18,"0617 Other Professional Services",,,,
http://www.neb-one.gc.ca/cntrctsrprtng/vwcntrct.aspx?id=461,"National Energy Board","Dell Canada Inc.",,2008-01-17,"1104 Server / Printers / Components",,,,
http://www.neb-one.gc.ca/cntrctsrprtng/vwcntrct.aspx?id=462,"National Energy Board","Dell Canada Inc.",,2008-01-17,"1104 Server / Printers / Components",,,,
http://www.neb-one.gc.ca/cntrctsrprtng/vwcntrct.aspx?id=463,"National Energy Board","Dell Canada Inc.",,2008-01-17,"1104 Server / Printers / Components",,,,
http://www.neb-one.gc.ca/cntrctsrprtng/vwcntrct.aspx?id=443,"National Energy Board","Nisha Technologies",,2008-01-15,"1104 Server / Printers / Components",,,,
http://www.neb-one.gc.ca/cntrctsrprtng/vwcntrct.aspx?id=446,"National Energy Board","Watson Governance Advisory Services Inc",,2008-01-10,"0617 Other Professional Services",,,,
http://www.neb-one.gc.ca/cntrctsrprtng/vwcntrct.aspx?id=445,"National Energy Board","BMB Consulting",,2008-01-03,"0621 Non Professional Services",,,,
http://www.neb-one.gc.ca/cntrctsrprtng/vwcntrct.aspx?id=440,"National Energy Board",Nova,,2007-12-20,"1101 Client Computing Devices",,,,
http://www.neb-one.gc.ca/cntrctsrprtng/vwcntrct.aspx?id=441,"National Energy Board","Ajilon Canada Inc.",,2007-12-18,"0602 Information Technology Consultants",,,,
http://www.neb-one.gc.ca/cntrctsrprtng/vwcntrct.aspx?id=442,"National Energy Board","Henderson Communications",,2007-12-17,"0617 Other Professional Services",,,,
http://www.neb-one.gc.ca/cntrctsrprtng/vwcntrct.aspx?id=437,"National Energy Board","Robert D. Bott",,2007-12-05,"0617 Other Professional Services",,,,
http://www.neb-one.gc.ca/cntrctsrprtng/vwcntrct.aspx?id=436,"National Energy Board","Tony Mitchell",,2007-11-28,"0603 Other Consulting Services",,,,
http://www.neb-one.gc.ca/cntrctsrprtng/vwcntrct.aspx?id=435,"National Energy Board","EmergWest Consulting",,2007-11-27,"0617 Other Professional Services",,,,
http://www.neb-one.gc.ca/cntrctsrprtng/vwcntrct.aspx?id=433,"National Energy Board","Acrodex Inc.",,2007-11-20,"1101 Client Computing Devices",,,,
http://www.neb-one.gc.ca/cntrctsrprtng/vwcntrct.aspx?id=434,"National Energy Board","Paul Dupont",,2007-11-16,"0603 Other Consulting Services",,,,
http://www.neb-one.gc.ca/cntrctsrprtng/vwcntrct.aspx?id=430,"National Energy Board","CGI Information Systems and Management Consultants",,2007-11-05,"0603 Other Consulting Services",,,,
http://www.neb-one.gc.ca/cntrctsrprtng/vwcntrct.aspx?id=431,"National Energy Board","CGI Information Systems &amp; Managment Consultants Inc.",,2007-11-05,"0603 Other Consulting Services",,,,
http://www.neb-one.gc.ca/cntrctsrprtng/vwcntrct.aspx?id=428,"National Energy Board","Open Text Corporation",,2007-10-24,"0603 Other Consulting Services",,,,
http://www.neb-one.gc.ca/cntrctsrprtng/vwcntrct.aspx?id=427,"National Energy Board","Karen Coe &amp; Associates Ltd.",,2007-10-16,"0617 Other Professional Services",,,,
http://www.neb-one.gc.ca/cntrctsrprtng/vwcntrct.aspx?id=432,"National Energy Board","Marc Perron",,2007-10-15,"0613 Translation Services",,,,
http://www.neb-one.gc.ca/cntrctsrprtng/vwcntrct.aspx?id=426,"National Energy Board","Eagle Professional Resources Inc.",,2007-10-12,"0602 Information Technology Consultants",,,,
http://www.neb-one.gc.ca/cntrctsrprtng/vwcntrct.aspx?id=425,"National Energy Board","Spirit Staffing",,2007-10-04,"0623 Temporary Help Services",,,,
http://www.neb-one.gc.ca/cntrctsrprtng/vwcntrct.aspx?id=438,"National Energy Board","Canada Council for the Arts",,2007-10-01,"1008 Rental - Other",,,,
http://www.neb-one.gc.ca/cntrctsrprtng/vwcntrct.aspx?id=422,"National Energy Board","Thomas Balaski",,2007-09-17,"0617 Other Professional Services",,,,
http://www.neb-one.gc.ca/cntrctsrprtng/vwcntrct.aspx?id=423,"National Energy Board","TRAC Records Inc.",,2007-09-14,"0603 Other Consulting Services",,,,
http://www.neb-one.gc.ca/cntrctsrprtng/vwcntrct.aspx?id=421,"National Energy Board","Canadian North",,2007-09-12,"0618 Other Business Services",,,,
http://www.neb-one.gc.ca/cntrctsrprtng/vwcntrct.aspx?id=417,"National Energy Board","Ziff Energy Group",,2007-08-30,"0601 Management Consultants",,,,
http://www.neb-one.gc.ca/cntrctsrprtng/vwcntrct.aspx?id=418,"National Energy Board","Ajilon Canada Inc.",,2007-08-30,"0602 Information Technology Consultants",,,,
http://www.neb-one.gc.ca/cntrctsrprtng/vwcntrct.aspx?id=420,"National Energy Board","Deana Silverstone",,2007-08-28,"0617 Other Professional Services",,,,
http://www.neb-one.gc.ca/cntrctsrprtng/vwcntrct.aspx?id=416,"National Energy Board","BMB Consulting Services Inc.",,2007-08-24,"0617 Other Professional Services",,,,
http://www.neb-one.gc.ca/cntrctsrprtng/vwcntrct.aspx?id=415,"National Energy Board","Dell Canada Inc.",,2007-08-23,"1102 Computer Media &amp; Parts",,,,
http://www.neb-one.gc.ca/cntrctsrprtng/vwcntrct.aspx?id=412,"National Energy Board","ISTS Ltd.",,2007-08-17,"0614 Interpretation Services",,,,
http://www.neb-one.gc.ca/cntrctsrprtng/vwcntrct.aspx?id=413,"National Energy Board","Service Master Clean",,2007-08-15,"0621 Non Professional Services",,,,
http://www.neb-one.gc.ca/cntrctsrprtng/vwcntrct.aspx?id=414,"National Energy Board","Service Master Clean",,2007-08-15,"0621 Non Professional Services",,,,
http://www.neb-one.gc.ca/cntrctsrprtng/vwcntrct.aspx?id=429,"National Energy Board","Spirit Staffing &amp; Consulting Inc.",,2007-08-08,"0623 Temporary Help Services",,,,
http://www.neb-one.gc.ca/cntrctsrprtng/vwcntrct.aspx?id=419,"National Energy Board","Canadian Standards Association",,2007-07-27,"0617 Other Professional Services",,,,
http://www.neb-one.gc.ca/cntrctsrprtng/vwcntrct.aspx?id=408,"National Energy Board","Jet Stream Digital",,2007-07-27,"0617 Other Professional Services",,,,
http://www.neb-one.gc.ca/cntrctsrprtng/vwcntrct.aspx?id=409,"National Energy Board","Emond Harnden",,2007-07-27,"0617 Other Professional Services",,,,
http://www.neb-one.gc.ca/cntrctsrprtng/vwcntrct.aspx?id=411,"National Energy Board","Long View Systems",,2007-07-27,"1201 Repairs - Computer Hardware and Software",,,,
http://www.neb-one.gc.ca/cntrctsrprtng/vwcntrct.aspx?id=410,"National Energy Board","Dianna Pearce",,2007-07-20,"0617 Other Professional Services",,,,
http://www.neb-one.gc.ca/cntrctsrprtng/vwcntrct.aspx?id=424,"National Energy Board","Darlene Ursalak",,2007-07-19,"0617 Other Professional Services",,,,
http://www.neb-one.gc.ca/cntrctsrprtng/vwcntrct.aspx?id=406,"National Energy Board","Hamilton Hall Soles/Ray Berndtson Inc",,2007-07-05,"0603 Other Consulting Services",,,,
http://www.neb-one.gc.ca/cntrctsrprtng/vwcntrct.aspx?id=407,"National Energy Board","CC Technologies",,2007-06-28,"0603 Other Consulting Services",,,,
http://www.neb-one.gc.ca/cntrctsrprtng/vwcntrct.aspx?id=405,"National Energy Board","Stantec Consulting",,2007-06-27,"0617 Other Professional Services",,,,
http://www.neb-one.gc.ca/cntrctsrprtng/vwcntrct.aspx?id=399,"National Energy Board",envirotech,,2007-06-22,"0617 Other Professional Services",,,,
http://www.neb-one.gc.ca/cntrctsrprtng/vwcntrct.aspx?id=398,"National Energy Board","Emond Harnden",,2007-06-06,"0603 Other Consulting Services",,,,
http://www.neb-one.gc.ca/cntrctsrprtng/vwcntrct.aspx?id=397,"National Energy Board","ASHAM West Consulting",,2007-05-31,"0617 Other Professional Services",,,,
http://www.neb-one.gc.ca/cntrctsrprtng/vwcntrct.aspx?id=395,"National Energy Board",CGI,,2007-05-29,"0603 Other Consulting Services",,,,
http://www.neb-one.gc.ca/cntrctsrprtng/vwcntrct.aspx?id=392,"National Energy Board","PEL Market Services",,2007-05-29,"0617 Other Professional Services",,,,
http://www.neb-one.gc.ca/cntrctsrprtng/vwcntrct.aspx?id=393,"National Energy Board","TOCRA Inc",,2007-05-29,"0618 Other Business Services",,,,
http://www.neb-one.gc.ca/cntrctsrprtng/vwcntrct.aspx?id=391,"National Energy Board","Informetrica Ltd.",,2007-05-25,"0617 Other Professional Services",,,,
http://www.neb-one.gc.ca/cntrctsrprtng/vwcntrct.aspx?id=396,"National Energy Board","Safe Software Inc.",,2007-05-24,"1103 Computer Software",,,,
http://www.neb-one.gc.ca/cntrctsrprtng/vwcntrct.aspx?id=394,"National Energy Board","Terra Reproductions",,2007-05-24,"0618 Other Business Services",,,,
http://www.neb-one.gc.ca/cntrctsrprtng/vwcntrct.aspx?id=400,"National Energy Board","CCSI Technology Solutions Corp.",,2007-05-17,"1201 Repairs - Computer Hardware and Software",,,,
http://www.neb-one.gc.ca/cntrctsrprtng/vwcntrct.aspx?id=404,"National Energy Board",Q9,,2007-05-14,"0618 Other Business Services",,,,
http://www.neb-one.gc.ca/cntrctsrprtng/vwcntrct.aspx?id=388,"National Energy Board","DMTI Spatial Inc.",,2007-05-10,"0622 Computer Services - Data Entry",,,,
http://www.neb-one.gc.ca/cntrctsrprtng/vwcntrct.aspx?id=390,"National Energy Board","Nisha Technologies",,2007-05-04,"1102 Computer Media &amp; Parts",,,,
http://www.neb-one.gc.ca/cntrctsrprtng/vwcntrct.aspx?id=385,"National Energy Board","Harfang Translation",,2007-05-04,"0613 Translation Services",,,,
http://www.neb-one.gc.ca/cntrctsrprtng/vwcntrct.aspx?id=386,"National Energy Board","Paula MacLeod",,2007-05-04,"0613 Translation Services",,,,
http://www.neb-one.gc.ca/cntrctsrprtng/vwcntrct.aspx?id=387,"National Energy Board","Thema Communications",,2007-05-04,"0613 Translation Services",,,,
http://www.neb-one.gc.ca/cntrctsrprtng/vwcntrct.aspx?id=401,"National Energy Board","Marc Perron",,2007-05-04,"0613 Translation Services",,,,
http://www.neb-one.gc.ca/cntrctsrprtng/vwcntrct.aspx?id=380,"National Energy Board","Hamilton Hall Soles/Ray and Berndtson Inc",,2007-04-30,"0603 Other Consulting Services",,,,
http://www.neb-one.gc.ca/cntrctsrprtng/vwcntrct.aspx?id=384,"National Energy Board","Opentext Corp",,2007-04-27,"1103 Computer Software",,,,
http://www.neb-one.gc.ca/cntrctsrprtng/vwcntrct.aspx?id=382,"National Energy Board","Opentext Corp",,2007-04-20,"1103 Computer Software",,,,
http://www.neb-one.gc.ca/cntrctsrprtng/vwcntrct.aspx?id=374,"National Energy Board","Whatif Technologies",,2007-04-19,"1201 Repairs - Computer Hardware and Software",,,,
http://www.neb-one.gc.ca/cntrctsrprtng/vwcntrct.aspx?id=377,"National Energy Board","IHS Energy Canada",,2007-04-19,"1103 Computer Software",,,,
http://www.neb-one.gc.ca/cntrctsrprtng/vwcntrct.aspx?id=372,"National Energy Board","GeoLogic Systems Inc.",,2007-04-18,"0622 Computer Services - Data Entry",,,,
http://www.neb-one.gc.ca/cntrctsrprtng/vwcntrct.aspx?id=403,"National Energy Board","Jean Ragan",,2007-04-18,"0603 Other Consulting Services",,,,
http://www.neb-one.gc.ca/cntrctsrprtng/vwcntrct.aspx?id=402,"National Energy Board","Ajilon Canada",,2007-04-17,"0603 Other Consulting Services",,,,
http://www.neb-one.gc.ca/cntrctsrprtng/vwcntrct.aspx?id=371,"National Energy Board","Informetrica Inc.",,2007-04-16,"0617 Other Professional Services",,,,
http://www.neb-one.gc.ca/cntrctsrprtng/vwcntrct.aspx?id=369,"National Energy Board","Microsoft Canada Corp.",,2007-04-11,"1201 Repairs - Computer Hardware and Software",,,,
http://www.neb-one.gc.ca/cntrctsrprtng/vwcntrct.aspx?id=370,"National Energy Board",Metafore,,2007-04-01,"1103 Computer Software",,,,
http://www.neb-one.gc.ca/cntrctsrprtng/vwcntrct.aspx?id=365,"National Energy Board","PIRA Energy Group",,2007-04-01,"0617 Other Professional Services",,,,
http://www.neb-one.gc.ca/cntrctsrprtng/vwcntrct.aspx?id=378,"National Energy Board","Systematic Solutions Inc",,2007-03-31,"0411 Training Consultants",,,,
http://www.neb-one.gc.ca/cntrctsrprtng/vwcntrct.aspx?id=366,"National Energy Board","ESRI Canada Ltd.",,2007-03-28,"1103 Computer Software",,,,
http://www.neb-one.gc.ca/cntrctsrprtng/vwcntrct.aspx?id=373,"National Energy Board","Xerox Canada Ltd.",,2007-03-28,"1003 Rental - Printing Equipment &amp; Usage",,,,
http://www.neb-one.gc.ca/cntrctsrprtng/vwcntrct.aspx?id=367,"National Energy Board","Nisha Technologies",,2007-03-27,"1102 Computer Media &amp; Parts",,,,
http://www.neb-one.gc.ca/cntrctsrprtng/vwcntrct.aspx?id=368,"National Energy Board","Nisha Technologies",,2007-03-27,"1102 Computer Media &amp; Parts",,,,
http://www.neb-one.gc.ca/cntrctsrprtng/vwcntrct.aspx?id=381,"National Energy Board","Jean Ragan",,2007-03-27,"0603 Other Consulting Services",,,,
http://www.neb-one.gc.ca/cntrctsrprtng/vwcntrct.aspx?id=364,"National Energy Board","Lippman Consulting Inc.",,2007-03-27,"0617 Other Professional Services",,,,
http://www.neb-one.gc.ca/cntrctsrprtng/vwcntrct.aspx?id=379,"National Energy Board","Towers Perrin",,2007-03-22,"0617 Other Professional Services",,,,
http://www.neb-one.gc.ca/cntrctsrprtng/vwcntrct.aspx?id=363,"National Energy Board","Systematic Solutions Inc",,2007-03-13,"0411 Training Consultants",,,,
http://www.neb-one.gc.ca/cntrctsrprtng/vwcntrct.aspx?id=356,"National Energy Board","Cambridge Energy Research",,2007-03-09,"0617 Other Professional Services",,,,
http://www.neb-one.gc.ca/cntrctsrprtng/vwcntrct.aspx?id=355,"National Energy Board","Formark Consulting Ltd.",,2007-03-08,"1103 Computer Software",,,,
http://www.neb-one.gc.ca/cntrctsrprtng/vwcntrct.aspx?id=354,"National Energy Board","Dell Canada Inc.",,2007-03-06,"1102 Computer Media &amp; Parts",,,,
http://www.neb-one.gc.ca/cntrctsrprtng/vwcntrct.aspx?id=357,"National Energy Board","Cambridge Energy Research",,2007-03-01,"0617 Other Professional Services",,,,
http://www.neb-one.gc.ca/cntrctsrprtng/vwcntrct.aspx?id=362,"National Energy Board","Deloitte and touche Inc",,2007-02-21,"1201 Repairs - Computer Hardware and Software",,,,
http://www.neb-one.gc.ca/cntrctsrprtng/vwcntrct.aspx?id=361,"National Energy Board","Apache Superior Printing",,2007-02-13,"0703 External Printing",,,,
http://www.neb-one.gc.ca/cntrctsrprtng/vwcntrct.aspx?id=454,"National Energy Board","Whatif? Technologies Inc.",,2007-02-07,"1103 Computer Software",,,,
http://www.neb-one.gc.ca/cntrctsrprtng/vwcntrct.aspx?id=375,"National Energy Board","FreeBalance inc",,2007-02-06,"1201 Repairs - Computer Hardware and Software",,,,
http://www.neb-one.gc.ca/cntrctsrprtng/vwcntrct.aspx?id=353,"National Energy Board","Systematic Solutions Inc.",,2007-02-06,"0617 Other Professional Services",,,,
http://www.neb-one.gc.ca/cntrctsrprtng/vwcntrct.aspx?id=360,"National Energy Board","Management Developmentors",,2007-02-02,"0411 Training Consultants",,,,
http://www.neb-one.gc.ca/cntrctsrprtng/vwcntrct.aspx?id=347,"National Energy Board","Quality Management Institute",,2007-01-30,"0617 Other Professional Services",,,,
http://www.neb-one.gc.ca/cntrctsrprtng/vwcntrct.aspx?id=359,"National Energy Board","Quality Management Institute",,2007-01-29,"0617 Other Professional Services",,,,
http://www.neb-one.gc.ca/cntrctsrprtng/vwcntrct.aspx?id=352,"National Energy Board","FreeBalance Inc.",,2007-01-26,"0603 Other Consulting Services",,,,
http://www.neb-one.gc.ca/cntrctsrprtng/vwcntrct.aspx?id=346,"National Energy Board","International Simultaneous Translation Services Ltd.",,2007-01-18,"0614 Interpretation Services",,,,
http://www.neb-one.gc.ca/cntrctsrprtng/vwcntrct.aspx?id=376,"National Energy Board","Ajilon Canada",,2007-01-17,"0603 Other Consulting Services",,,,
http://www.neb-one.gc.ca/cntrctsrprtng/vwcntrct.aspx?id=351,"National Energy Board","Sierra Systems Consultants",,2007-01-15,"0617 Other Professional Services",,,,
http://www.neb-one.gc.ca/cntrctsrprtng/vwcntrct.aspx?id=348,"National Energy Board","Goodman, McDougall and Assocites LTD",,2007-01-05,"0603 Other Consulting Services",,,,
http://www.neb-one.gc.ca/cntrctsrprtng/vwcntrct.aspx?id=358,"National Energy Board","Goodman, McDougall and Assocites LTD",,2007-01-05,"0618 Other Business Services",,,,
http://www.neb-one.gc.ca/cntrctsrprtng/vwcntrct.aspx?id=345,"National Energy Board","Emond Harnden, LPP",,2006-12-12,"0603 Other Consulting Services",,,,
http://www.neb-one.gc.ca/cntrctsrprtng/vwcntrct.aspx?id=349,"National Energy Board","EOS Research and Consulting Ltd",,2006-12-08,"0617 Other Professional Services",,,,
http://www.neb-one.gc.ca/cntrctsrprtng/vwcntrct.aspx?id=344,"National Energy Board","Henderson Communications",,2006-12-08,"0618 Other Business Services",,,,
http://www.neb-one.gc.ca/cntrctsrprtng/vwcntrct.aspx?id=350,"National Energy Board","Josie Stiles",,2006-11-30,"0603 Other Consulting Services",,,,
http://www.neb-one.gc.ca/cntrctsrprtng/vwcntrct.aspx?id=341,"National Energy Board","Nisha Technologies",,2006-11-09,"1201 Repairs - Computer Hardware and Software",,,,
http://www.neb-one.gc.ca/cntrctsrprtng/vwcntrct.aspx?id=340,"National Energy Board","Xerox Canada Ltd.",,2006-11-06,"1003 Rental - Printing Equipment &amp; Usage",,,,
http://www.neb-one.gc.ca/cntrctsrprtng/vwcntrct.aspx?id=339,"National Energy Board","Emond Harnden LPP",,2006-11-01,"0617 Other Professional Services",,,,
http://www.neb-one.gc.ca/cntrctsrprtng/vwcntrct.aspx?id=333,"National Energy Board","Teknion Furniture",,2006-10-31,"1111 Office Furniture and Parts",,,,
http://www.neb-one.gc.ca/cntrctsrprtng/vwcntrct.aspx?id=338,"National Energy Board","Ajilon Canada Inc",,2006-10-31,"0617 Other Professional Services",,,,
http://www.neb-one.gc.ca/cntrctsrprtng/vwcntrct.aspx?id=332,"National Energy Board","Neopost Canada Limited",,2006-10-26,"1112 Other Office Equipment and Parts",,,,
http://www.neb-one.gc.ca/cntrctsrprtng/vwcntrct.aspx?id=328,"National Energy Board",VersionOne,,2006-10-20,"1103 Computer Software",,,,
http://www.neb-one.gc.ca/cntrctsrprtng/vwcntrct.aspx?id=322,"National Energy Board","PMO Global Services",,2006-10-11,"0617 Other Professional Services",,,,
http://www.neb-one.gc.ca/cntrctsrprtng/vwcntrct.aspx?id=318,"National Energy Board","Nisha Technologies",,2006-10-10,"1201 Repairs - Computer Hardware and Software",,,,
http://www.neb-one.gc.ca/cntrctsrprtng/vwcntrct.aspx?id=316,"National Energy Board","Nisha Technologies",,2006-10-05,"1201 Repairs - Computer Hardware and Software",,,,
http://www.neb-one.gc.ca/cntrctsrprtng/vwcntrct.aspx?id=317,"National Energy Board","Nisha Technologies",,2006-10-05,"1201 Repairs - Computer Hardware and Software",,,,
http://www.neb-one.gc.ca/cntrctsrprtng/vwcntrct.aspx?id=323,"National Energy Board","Darlene Ursulak",,2006-10-02,"0617 Other Professional Services",,,,
http://www.neb-one.gc.ca/cntrctsrprtng/vwcntrct.aspx?id=326,"National Energy Board","Saintonge Alliance Inc.",,2006-10-02,"0617 Other Professional Services",,,,
http://www.neb-one.gc.ca/cntrctsrprtng/vwcntrct.aspx?id=327,"National Energy Board","HFP Acoustical Consultants Corp.",,2006-09-28,"0411 Training Consultants",,,,
http://www.neb-one.gc.ca/cntrctsrprtng/vwcntrct.aspx?id=324,"National Energy Board","Sierra Systems",,2006-09-27,"0617 Other Professional Services",,,,
http://www.neb-one.gc.ca/cntrctsrprtng/vwcntrct.aspx?id=337,"National Energy Board","Dancing Bear Consulting Inc.",,2006-09-25,"0603 Other Consulting Services",,,,
http://www.neb-one.gc.ca/cntrctsrprtng/vwcntrct.aspx?id=342,"National Energy Board","Systematic Solutions, Inc.",,2006-09-15,"0617 Other Professional Services",,,,
http://www.neb-one.gc.ca/cntrctsrprtng/vwcntrct.aspx?id=336,"National Energy Board","Aleate Advisory Services",,2006-09-13,"0617 Other Professional Services",,,,
http://www.neb-one.gc.ca/cntrctsrprtng/vwcntrct.aspx?id=315,"National Energy Board","Quality Management Institute",,2006-09-12,"0617 Other Professional Services",,,,
http://www.neb-one.gc.ca/cntrctsrprtng/vwcntrct.aspx?id=320,"National Energy Board","North Cariboo Flying Service Ltd.",,2006-09-12,"1007 Rental - Aircraft",,,,
http://www.neb-one.gc.ca/cntrctsrprtng/vwcntrct.aspx?id=321,"National Energy Board","Inland Audio Visual",,2006-09-12,"1008 Rental - Other",,,,
http://www.neb-one.gc.ca/cntrctsrprtng/vwcntrct.aspx?id=314,"National Energy Board",Informetrica,,2006-08-29,"0617 Other Professional Services",,,,
http://www.neb-one.gc.ca/cntrctsrprtng/vwcntrct.aspx?id=312,"National Energy Board","Ziff Energy Group",,2006-08-28,"0617 Other Professional Services",,,,
http://www.neb-one.gc.ca/cntrctsrprtng/vwcntrct.aspx?id=313,"National Energy Board","Canadian Helicopters Ltd.",,2006-08-18,"1007 Rental - Aircraft",,,,
http://www.neb-one.gc.ca/cntrctsrprtng/vwcntrct.aspx?id=335,"National Energy Board","ServiceMaster of Calgary",,2006-08-17,"0621 Non Professional Services",,,,
http://www.neb-one.gc.ca/cntrctsrprtng/vwcntrct.aspx?id=310,"National Energy Board","Microsoft Corporation",,2006-08-11,"1103 Computer Software",,,,
http://www.neb-one.gc.ca/cntrctsrprtng/vwcntrct.aspx?id=311,"National Energy Board","Nisha Technologies Inc.",,2006-08-10,"1101 Client Computing Devices",,,,
http://www.neb-one.gc.ca/cntrctsrprtng/vwcntrct.aspx?id=309,"National Energy Board","Emergency Response Institute Canada Inc.",,2006-07-25,"0411 Training Consultants",,,,
http://www.neb-one.gc.ca/cntrctsrprtng/vwcntrct.aspx?id=308,"National Energy Board","Divestco Inc.",,2006-07-24,"1103 Computer Software",,,,
http://www.neb-one.gc.ca/cntrctsrprtng/vwcntrct.aspx?id=330,"National Energy Board","Teknion Furniture",,2006-07-14,"1111 Office Furniture and Parts",,,,
http://www.neb-one.gc.ca/cntrctsrprtng/vwcntrct.aspx?id=331,"National Energy Board","Teknion Roy &amp; Breton Inc.",,2006-07-14,"1111 Office Furniture and Parts",,,,
http://www.neb-one.gc.ca/cntrctsrprtng/vwcntrct.aspx?id=334,"National Energy Board","Chinook Solutions Inc.",,2006-07-05,"0617 Other Professional Services",,,,
http://www.neb-one.gc.ca/cntrctsrprtng/vwcntrct.aspx?id=343,"National Energy Board","Summit Consulting Ltd.",,2006-07-01,"0617 Other Professional Services",,,,
http://www.neb-one.gc.ca/cntrctsrprtng/vwcntrct.aspx?id=307,"National Energy Board","Care Factor Computer Services Inc.",,2006-06-30,"0617 Other Professional Services",,,,
http://www.neb-one.gc.ca/cntrctsrprtng/vwcntrct.aspx?id=319,"National Energy Board","Inland Audio Visual",,2006-06-26,"1008 Rental - Other",,,,
http://www.neb-one.gc.ca/cntrctsrprtng/vwcntrct.aspx?id=305,"National Energy Board","Right Management Consultants",,2006-06-22,"0601 Management Consultants",,,,
http://www.neb-one.gc.ca/cntrctsrprtng/vwcntrct.aspx?id=306,"National Energy Board","Summit Consulting Ltd.",,2006-06-22,"0617 Other Professional Services",,,,
http://www.neb-one.gc.ca/cntrctsrprtng/vwcntrct.aspx?id=304,"National Energy Board","McIntyre Group Office Services",,2006-06-14,"0621 Non Professional Services",,,,
http://www.neb-one.gc.ca/cntrctsrprtng/vwcntrct.aspx?id=301,"National Energy Board","Summit Consulting Ltd.",,2006-06-13,"0617 Other Professional Services",,,,
http://www.neb-one.gc.ca/cntrctsrprtng/vwcntrct.aspx?id=302,"National Energy Board","Liegh Phillips",,2006-06-13,"0601 Management Consultants",,,,
http://www.neb-one.gc.ca/cntrctsrprtng/vwcntrct.aspx?id=303,"National Energy Board","Eagle Professional Resourses Inc.",,2006-06-13,"0602 Information Technology Consultants",,,,
http://www.neb-one.gc.ca/cntrctsrprtng/vwcntrct.aspx?id=299,"National Energy Board","Whatif Technologies Inc.",,2006-06-12,"0602 Information Technology Consultants",,,,
http://www.neb-one.gc.ca/cntrctsrprtng/vwcntrct.aspx?id=300,"National Energy Board","CCSI Technology Solutions Corp.",,2006-06-12,"1201 Repairs - Computer Hardware and Software",,,,
http://www.neb-one.gc.ca/cntrctsrprtng/vwcntrct.aspx?id=298,"National Energy Board","Eagle Professional Resourses Inc.",,2006-06-09,"0602 Information Technology Consultants",,,,
http://www.neb-one.gc.ca/cntrctsrprtng/vwcntrct.aspx?id=296,"National Energy Board","Edmond Harden, LLP",,2006-05-31,"0617 Other Professional Services",,,,
http://www.neb-one.gc.ca/cntrctsrprtng/vwcntrct.aspx?id=295,"National Energy Board",Metafore,,2006-05-24,"1201 Repairs - Computer Hardware and Software",,,,
http://www.neb-one.gc.ca/cntrctsrprtng/vwcntrct.aspx?id=329,"National Energy Board","Nisha Technologies Inc.",,2006-05-24,"1201 Repairs - Computer Hardware and Software",,,,
http://www.neb-one.gc.ca/cntrctsrprtng/vwcntrct.aspx?id=293,"National Energy Board","Rocky Mountain Adventure Medicine Inc.",,2006-05-16,"0411 Training Consultants",,,,
http://www.neb-one.gc.ca/cntrctsrprtng/vwcntrct.aspx?id=290,"National Energy Board","Air Tindi",,2006-05-11,"1007 Rental - Aircraft",,,,
http://www.neb-one.gc.ca/cntrctsrprtng/vwcntrct.aspx?id=291,"National Energy Board","Thema Communications Inc.",,2006-05-11,"0613 Translation Services",,,,
http://www.neb-one.gc.ca/cntrctsrprtng/vwcntrct.aspx?id=292,"National Energy Board","Harfang Translation",,2006-05-11,"0613 Translation Services",,,,
http://www.neb-one.gc.ca/cntrctsrprtng/vwcntrct.aspx?id=289,"National Energy Board","IMV Projects",,2006-05-08,"0617 Other Professional Services",,,,
http://www.neb-one.gc.ca/cntrctsrprtng/vwcntrct.aspx?id=297,"National Energy Board","CNW Group",,2006-05-08,"0617 Other Professional Services",,,,
http://www.neb-one.gc.ca/cntrctsrprtng/vwcntrct.aspx?id=288,"National Energy Board","Eagle Professional Resourses Inc.",,2006-05-01,"0602 Information Technology Consultants",,,,
http://www.neb-one.gc.ca/cntrctsrprtng/vwcntrct.aspx?id=285,"National Energy Board","DMTI Spatial Inc.",,2006-04-27,"0622 Computer Services - Data Entry",,,,
http://www.neb-one.gc.ca/cntrctsrprtng/vwcntrct.aspx?id=287,"National Energy Board","Patching Associates Acoustical Engineering Ltd.",,2006-04-27,"0617 Other Professional Services",,,,
http://www.neb-one.gc.ca/cntrctsrprtng/vwcntrct.aspx?id=286,"National Energy Board","Right Management Consultants",,2006-04-17,"0617 Other Professional Services",,,,
http://www.neb-one.gc.ca/cntrctsrprtng/vwcntrct.aspx?id=275,"National Energy Board","PIRA Energy Group",,2006-04-04,"0617 Other Professional Services",,,,
http://www.neb-one.gc.ca/cntrctsrprtng/vwcntrct.aspx?id=274,"National Energy Board","Open Text Corporation",,2006-03-30,"1201 Repairs - Computer Hardware and Software",,,,
http://www.neb-one.gc.ca/cntrctsrprtng/vwcntrct.aspx?id=273,"National Energy Board","CGI Information Systems and Management Consultants Inc.",,2006-03-28,"1201 Repairs - Computer Hardware and Software",,,,
http://www.neb-one.gc.ca/cntrctsrprtng/vwcntrct.aspx?id=269,"National Energy Board","PIRA Energy Group",,2006-03-27,"0601 Management Consultants",,,,
http://www.neb-one.gc.ca/cntrctsrprtng/vwcntrct.aspx?id=284,"National Energy Board","FreeBalance Inc.",,2006-03-27,"1201 Repairs - Computer Hardware and Software",,,,
http://www.neb-one.gc.ca/cntrctsrprtng/vwcntrct.aspx?id=283,"National Energy Board","Grand and Toy",,2006-03-23,"0901 Office Supplies",,,,
http://www.neb-one.gc.ca/cntrctsrprtng/vwcntrct.aspx?id=276,"National Energy Board","Global Insight (USA) Inc.",,2006-03-23,"0617 Other Professional Services",,,,
http://www.neb-one.gc.ca/cntrctsrprtng/vwcntrct.aspx?id=268,"National Energy Board","Van Ham Resources Inc.",,2006-03-20,"0617 Other Professional Services",,,,
http://www.neb-one.gc.ca/cntrctsrprtng/vwcntrct.aspx?id=272,"National Energy Board","Hummingbird Communications Ltd.",,2006-03-17,"1201 Repairs - Computer Hardware and Software",,,,
http://www.neb-one.gc.ca/cntrctsrprtng/vwcntrct.aspx?id=277,"National Energy Board","Lippman Consulting, Inc.",,2006-03-17,"0603 Other Consulting Services",,,,
http://www.neb-one.gc.ca/cntrctsrprtng/vwcntrct.aspx?id=278,"National Energy Board","Lippman Consulting, Inc.",,2006-03-16,"0603 Other Consulting Services",,,,
http://www.neb-one.gc.ca/cntrctsrprtng/vwcntrct.aspx?id=271,"National Energy Board","Nisha Technologies",,2006-03-16,"1101 Client Computing Devices",,,,
http://www.neb-one.gc.ca/cntrctsrprtng/vwcntrct.aspx?id=265,"National Energy Board","Canadian Standards Association",,2006-03-16,"0617 Other Professional Services",,,,
http://www.neb-one.gc.ca/cntrctsrprtng/vwcntrct.aspx?id=263,"National Energy Board","Nisha Technologies Inc.",,2006-03-14,"1101 Client Computing Devices",,,,
http://www.neb-one.gc.ca/cntrctsrprtng/vwcntrct.aspx?id=264,"National Energy Board","Nisha Technologies Inc.",,2006-03-14,"1101 Client Computing Devices",,,,
http://www.neb-one.gc.ca/cntrctsrprtng/vwcntrct.aspx?id=260,"National Energy Board",Grafikom,,2006-03-10,"0703 External Printing",,,,
http://www.neb-one.gc.ca/cntrctsrprtng/vwcntrct.aspx?id=261,"National Energy Board","Inquisite Inc.",,2006-03-10,"0411 Training Consultants",,,,
http://www.neb-one.gc.ca/cntrctsrprtng/vwcntrct.aspx?id=259,"National Energy Board","ESRI Canada Ltd.",,2006-03-06,"1201 Repairs - Computer Hardware and Software",,,,
http://www.neb-one.gc.ca/cntrctsrprtng/vwcntrct.aspx?id=281,"National Energy Board","Nisha Technologies",,2006-03-03,"1101 Client Computing Devices",,,,
http://www.neb-one.gc.ca/cntrctsrprtng/vwcntrct.aspx?id=280,"National Energy Board","Nisha Technologies",,2006-03-02,"1101 Client Computing Devices",,,,
http://www.neb-one.gc.ca/cntrctsrprtng/vwcntrct.aspx?id=262,"National Energy Board","Lippman Consulting, Inc.",,2006-03-01,"0603 Other Consulting Services",,,,
http://www.neb-one.gc.ca/cntrctsrprtng/vwcntrct.aspx?id=266,"National Energy Board","Cambridge Energy Research Associates Inc.",,2006-03-01,"0617 Other Professional Services",,,,
http://www.neb-one.gc.ca/cntrctsrprtng/vwcntrct.aspx?id=267,"National Energy Board","Cambridge Energy Research Associates Inc.",,2006-03-01,"0617 Other Professional Services",,,,
http://www.neb-one.gc.ca/cntrctsrprtng/vwcntrct.aspx?id=256,"National Energy Board","INTI Solutions Group",,2006-03-01,"0617 Other Professional Services",,,,
http://www.neb-one.gc.ca/cntrctsrprtng/vwcntrct.aspx?id=282,"National Energy Board","Supreme Basics",,2006-03-01,"0901 Office Supplies",,,,
http://www.neb-one.gc.ca/cntrctsrprtng/vwcntrct.aspx?id=254,"National Energy Board",Informetrica,,2006-02-27,"0603 Other Consulting Services",,,,
http://www.neb-one.gc.ca/cntrctsrprtng/vwcntrct.aspx?id=255,"National Energy Board","Systematic Solutions, Inc.",,2006-02-27,"0617 Other Professional Services",,,,
http://www.neb-one.gc.ca/cntrctsrprtng/vwcntrct.aspx?id=253,"National Energy Board","Watson Wyatt Canada",,2006-02-24,"0617 Other Professional Services",,,,
http://www.neb-one.gc.ca/cntrctsrprtng/vwcntrct.aspx?id=251,"National Energy Board","Microsoft Canada Co.",,2006-02-21,"1201 Repairs - Computer Hardware and Software",,,,
http://www.neb-one.gc.ca/cntrctsrprtng/vwcntrct.aspx?id=252,"National Energy Board","Summit Consulting Ltd.",,2006-02-08,"0617 Other Professional Services",,,,
http://www.neb-one.gc.ca/cntrctsrprtng/vwcntrct.aspx?id=250,"National Energy Board","MultiCorpora R &amp; D Inc.",,2006-02-07,"1103 Computer Software",,,,
http://www.neb-one.gc.ca/cntrctsrprtng/vwcntrct.aspx?id=249,"National Energy Board","PEL Market Services",,2006-01-26,"0601 Management Consultants",,,,"Advance payment required"
http://www.neb-one.gc.ca/cntrctsrprtng/vwcntrct.aspx?id=258,"National Energy Board","QUASAR a division of CWB Group",,2006-01-23,"0617 Other Professional Services",,,,
http://www.neb-one.gc.ca/cntrctsrprtng/vwcntrct.aspx?id=279,"National Energy Board","Cambridge Energy Research Associates Inc.",,2006-01-23,"0617 Other Professional Services",,,,
http://www.neb-one.gc.ca/cntrctsrprtng/vwcntrct.aspx?id=243,"National Energy Board","Gartner Lee Limited",,2006-01-18,"0617 Other Professional Services",,,,
http://www.neb-one.gc.ca/cntrctsrprtng/vwcntrct.aspx?id=244,"National Energy Board","Whatif Technologies Inc.",,2006-01-18,"1201 Repairs - Computer Hardware and Software",,,,
http://www.neb-one.gc.ca/cntrctsrprtng/vwcntrct.aspx?id=242,"National Energy Board","b7kennedy &amp; Associates Inc.",,2006-01-16,"0617 Other Professional Services",,,,
http://www.neb-one.gc.ca/cntrctsrprtng/vwcntrct.aspx?id=240,"National Energy Board","Longview Systems",,2006-01-09,"1201 Repairs - Computer Hardware and Software",,,,
http://www.neb-one.gc.ca/cntrctsrprtng/vwcntrct.aspx?id=239,"National Energy Board","Educore Learning Inc.",,2006-01-06,"0411 Training Consultants",,,,
http://www.neb-one.gc.ca/cntrctsrprtng/vwcntrct.aspx?id=241,"National Energy Board","Hatch Optima",,2006-01-04,"0603 Other Consulting Services",,,,
http://www.neb-one.gc.ca/cntrctsrprtng/vwcntrct.aspx?id=237,"National Energy Board","Karmar and Associates Ltd.",,2005-12-20,"0603 Other Consulting Services",,,,
http://www.neb-one.gc.ca/cntrctsrprtng/vwcntrct.aspx?id=235,"National Energy Board","Eagle Professional Resourses Inc.",,2005-12-16,"0602 Information Technology Consultants",,,,
http://www.neb-one.gc.ca/cntrctsrprtng/vwcntrct.aspx?id=236,"National Energy Board","Ajilon Canada Inc.",,2005-12-16,"0602 Information Technology Consultants",,,,
http://www.neb-one.gc.ca/cntrctsrprtng/vwcntrct.aspx?id=238,"National Energy Board","Ajilon Canada Inc.",,2005-12-09,"0617 Other Professional Services",,,,
http://www.neb-one.gc.ca/cntrctsrprtng/vwcntrct.aspx?id=234,"National Energy Board","Deana Silverstone",,2005-12-09,"0617 Other Professional Services",,,,
http://www.neb-one.gc.ca/cntrctsrprtng/vwcntrct.aspx?id=233,"National Energy Board","Nisha Technologies",,2005-12-05,"1104 Server / Printers / Components",,,,
http://www.neb-one.gc.ca/cntrctsrprtng/vwcntrct.aspx?id=231,"National Energy Board","Sari Shernofsky",,2005-12-02,"0617 Other Professional Services",,,,
http://www.neb-one.gc.ca/cntrctsrprtng/vwcntrct.aspx?id=232,"National Energy Board","Air Tindi",,2005-12-02,"1007 Rental - Aircraft",,,,
http://www.neb-one.gc.ca/cntrctsrprtng/vwcntrct.aspx?id=228,"National Energy Board","EOS Research and Consulting Ltd.",,2005-11-29,"0617 Other Professional Services",,,,
http://www.neb-one.gc.ca/cntrctsrprtng/vwcntrct.aspx?id=229,"National Energy Board","Reade &amp; Associates",,2005-11-29,"0603 Other Consulting Services",,,,
http://www.neb-one.gc.ca/cntrctsrprtng/vwcntrct.aspx?id=230,"National Energy Board","Softchoice Corporation",,2005-11-29,"1103 Computer Software",,,,
http://www.neb-one.gc.ca/cntrctsrprtng/vwcntrct.aspx?id=227,"National Energy Board","Kenn Borek Air Ltd.",,2005-11-25,"1007 Rental - Aircraft",,,,
http://www.neb-one.gc.ca/cntrctsrprtng/vwcntrct.aspx?id=248,"National Energy Board","Teknion Furniture Ltd.",,2005-11-22,"1111 Office Furniture and Parts",,,,
http://www.neb-one.gc.ca/cntrctsrprtng/vwcntrct.aspx?id=226,"National Energy Board","Xerox Canada Ltd.",,2005-11-14,"1003 Rental - Printing Equipment &amp; Usage",,,,
http://www.neb-one.gc.ca/cntrctsrprtng/vwcntrct.aspx?id=225,"National Energy Board","CSA Learning Centre",,2005-11-08,"0617 Other Professional Services",,,,
http://www.neb-one.gc.ca/cntrctsrprtng/vwcntrct.aspx?id=224,"National Energy Board","Blackadar &amp; Associates",,2005-11-04,"0603 Other Consulting Services",,,,
http://www.neb-one.gc.ca/cntrctsrprtng/vwcntrct.aspx?id=223,"National Energy Board","Saintonge Alliance Inc.",,2005-11-02,"0617 Other Professional Services",,,,
http://www.neb-one.gc.ca/cntrctsrprtng/vwcntrct.aspx?id=222,"National Energy Board","Divestco Inc.",,2005-10-31,"1103 Computer Software",,,,
http://www.neb-one.gc.ca/cntrctsrprtng/vwcntrct.aspx?id=219,"National Energy Board","CGI Information Systems &amp; Management Consultants Inc.",,2005-10-27,"0602 Information Technology Consultants",,,,
http://www.neb-one.gc.ca/cntrctsrprtng/vwcntrct.aspx?id=220,"National Energy Board","OI MOSAIC",,2005-10-27,"0617 Other Professional Services",,,,"LNG Modeling Advice"
http://www.neb-one.gc.ca/cntrctsrprtng/vwcntrct.aspx?id=221,"National Energy Board","OI MOSAIC",,2005-10-27,"0617 Other Professional Services",,,,"LNG Design and Operations Advice"
http://www.neb-one.gc.ca/cntrctsrprtng/vwcntrct.aspx?id=246,"National Energy Board","Pinnical HR Inc.",,2005-10-21,"0617 Other Professional Services",,,,
http://www.neb-one.gc.ca/cntrctsrprtng/vwcntrct.aspx?id=215,"National Energy Board","Ajilon Canada Inc.",,2005-10-17,"0617 Other Professional Services",,,,
http://www.neb-one.gc.ca/cntrctsrprtng/vwcntrct.aspx?id=212,"National Energy Board","Summit Consulting Ltd.",,2005-09-30,"0617 Other Professional Services",,,,
http://www.neb-one.gc.ca/cntrctsrprtng/vwcntrct.aspx?id=214,"National Energy Board","ILS International Library Systems Corp.",,2005-09-30,"1103 Computer Software",,,,
http://www.neb-one.gc.ca/cntrctsrprtng/vwcntrct.aspx?id=217,"National Energy Board","Western Management Consultants",,2005-09-29,"0617 Other Professional Services",,,,
http://www.neb-one.gc.ca/cntrctsrprtng/vwcntrct.aspx?id=210,"National Energy Board","Barrington Research Group, Inc.",,2005-09-28,"0617 Other Professional Services",,,,
http://www.neb-one.gc.ca/cntrctsrprtng/vwcntrct.aspx?id=209,"National Energy Board","Hamilton Hall Soles Ray &amp; Berndtson Inc.",,2005-09-26,"0603 Other Consulting Services",,,,
http://www.neb-one.gc.ca/cntrctsrprtng/vwcntrct.aspx?id=207,"National Energy Board","Sydney PlusInternational, Corp",,2005-09-15,"0411 Training Consultants",,,,
http://www.neb-one.gc.ca/cntrctsrprtng/vwcntrct.aspx?id=208,"National Energy Board","Kelly Services",,2005-09-15,"0623 Temporary Help Services",,,,
http://www.neb-one.gc.ca/cntrctsrprtng/vwcntrct.aspx?id=204,"National Energy Board","Compugen Inc.",,2005-09-14,"0602 Information Technology Consultants",,,,
http://www.neb-one.gc.ca/cntrctsrprtng/vwcntrct.aspx?id=205,"National Energy Board","Dell Canada Inc.",,2005-09-14,"1104 Server / Printers / Components",,,,
http://www.neb-one.gc.ca/cntrctsrprtng/vwcntrct.aspx?id=206,"National Energy Board","Dell Canada Inc.",,2005-09-14,"1104 Server / Printers / Components",,,,
http://www.neb-one.gc.ca/cntrctsrprtng/vwcntrct.aspx?id=201,"National Energy Board","Ziff Energy Group",,2005-09-01,"0617 Other Professional Services",,,,
http://www.neb-one.gc.ca/cntrctsrprtng/vwcntrct.aspx?id=203,"National Energy Board","Service Master Clean",,2005-09-01,"0621 Non Professional Services",,,,
http://www.neb-one.gc.ca/cntrctsrprtng/vwcntrct.aspx?id=202,"National Energy Board","Saintonge Alliance Inc.",,2005-08-25,"0617 Other Professional Services",,,,
http://www.neb-one.gc.ca/cntrctsrprtng/vwcntrct.aspx?id=211,"National Energy Board","C-FER Technologies",,2005-08-22,"0617 Other Professional Services",,,,
http://www.neb-one.gc.ca/cntrctsrprtng/vwcntrct.aspx?id=198,"National Energy Board","Burntsand Inc.",,2005-08-19,"1103 Computer Software",,,,
http://www.neb-one.gc.ca/cntrctsrprtng/vwcntrct.aspx?id=199,"National Energy Board","Leigh Phillips",,2005-08-08,"0617 Other Professional Services",,,,
http://www.neb-one.gc.ca/cntrctsrprtng/vwcntrct.aspx?id=216,"National Energy Board","Ajilon Canada Inc.",,2005-07-11,"0617 Other Professional Services",,,,
http://www.neb-one.gc.ca/cntrctsrprtng/vwcntrct.aspx?id=257,"National Energy Board","INTI Solutions Group",,2005-07-11,"0617 Other Professional Services",,,,
http://www.neb-one.gc.ca/cntrctsrprtng/vwcntrct.aspx?id=197,"National Energy Board","Deana Silverstone",,2005-07-08,"0617 Other Professional Services",,,,
http://www.neb-one.gc.ca/cntrctsrprtng/vwcntrct.aspx?id=196,"National Energy Board","Summit Consulting Ltd.",,2005-07-05,"0617 Other Professional Services",,,,
http://www.neb-one.gc.ca/cntrctsrprtng/vwcntrct.aspx?id=192,"National Energy Board","Insight Canada Inc.",,2005-06-24,"1102 Computer Media &amp; Parts",,,,
http://www.neb-one.gc.ca/cntrctsrprtng/vwcntrct.aspx?id=195,"National Energy Board","Nisha Technologies Inc.",,2005-06-22,"1102 Computer Media &amp; Parts",,,,
http://www.neb-one.gc.ca/cntrctsrprtng/vwcntrct.aspx?id=190,"National Energy Board","Eagle Professional Resources Inc.",,2005-06-21,"0602 Information Technology Consultants",,,,
http://www.neb-one.gc.ca/cntrctsrprtng/vwcntrct.aspx?id=191,"National Energy Board","Nisha Technologies Inc.",,2005-06-21,"1101 Client Computing Devices",,,,
http://www.neb-one.gc.ca/cntrctsrprtng/vwcntrct.aspx?id=189,"National Energy Board","Care Factor Computer Services Inc.",,2005-06-08,"1211 Repairs Tenant Services",,,,
http://www.neb-one.gc.ca/cntrctsrprtng/vwcntrct.aspx?id=194,"National Energy Board","Nisha Technologies Inc.",,2005-05-30,"1101 Client Computing Devices",,,,
http://www.neb-one.gc.ca/cntrctsrprtng/vwcntrct.aspx?id=185,"National Energy Board","GNI Networks Inc.",,2005-05-27,"1103 Computer Software",,,,
http://www.neb-one.gc.ca/cntrctsrprtng/vwcntrct.aspx?id=186,"National Energy Board","CDW Canada Inc.",,2005-05-27,"1103 Computer Software",,,,
http://www.neb-one.gc.ca/cntrctsrprtng/vwcntrct.aspx?id=187,"National Energy Board","Metafore Corporation",,2005-05-27,"1103 Computer Software",,,,
http://www.neb-one.gc.ca/cntrctsrprtng/vwcntrct.aspx?id=184,"National Energy Board","Patrick Orr",,2005-05-26,"0617 Other Professional Services",,,,
http://www.neb-one.gc.ca/cntrctsrprtng/vwcntrct.aspx?id=183,"National Energy Board","Ajilon Canada Inc.",,2005-05-24,"0602 Information Technology Consultants",,,,
http://www.neb-one.gc.ca/cntrctsrprtng/vwcntrct.aspx?id=188,"National Energy Board","Spirit Staffing",,2005-05-20,"0623 Temporary Help Services",,,,
http://www.neb-one.gc.ca/cntrctsrprtng/vwcntrct.aspx?id=182,"National Energy Board","Ross Smith Energy Group Ltd.",,2005-05-16,"0603 Other Consulting Services",,,,
http://www.neb-one.gc.ca/cntrctsrprtng/vwcntrct.aspx?id=172,"National Energy Board","Sari Shernofsky Corp.",,2005-04-20,"0617 Other Professional Services",,,,
http://www.neb-one.gc.ca/cntrctsrprtng/vwcntrct.aspx?id=147,"National Energy Board","EES Consulting Ltd.",,2005-04-20,"0603 Other Consulting Services",,,,
http://www.neb-one.gc.ca/cntrctsrprtng/vwcntrct.aspx?id=170,"National Energy Board","Ajilon Canada Inc.",,2005-04-15,"0603 Other Consulting Services",,,,
http://www.neb-one.gc.ca/cntrctsrprtng/vwcntrct.aspx?id=166,"National Energy Board","Eagle Professional Resources",,2005-04-07,"0602 Information Technology Consultants",,,,
http://www.neb-one.gc.ca/cntrctsrprtng/vwcntrct.aspx?id=167,"National Energy Board","S.I. Systems",,2005-04-07,"0602 Information Technology Consultants",,,,
http://www.neb-one.gc.ca/cntrctsrprtng/vwcntrct.aspx?id=168,"National Energy Board","Eagle Professional Resources",,2005-04-07,"0602 Information Technology Consultants",,,,
http://www.neb-one.gc.ca/cntrctsrprtng/vwcntrct.aspx?id=169,"National Energy Board","Ajilon Canada Inc.",,2005-04-07,"0602 Information Technology Consultants",,,,
http://www.neb-one.gc.ca/cntrctsrprtng/vwcntrct.aspx?id=177,"National Energy Board","The Globe and Mail",,2005-04-05,"0701 Advertising",,,,
http://www.neb-one.gc.ca/cntrctsrprtng/vwcntrct.aspx?id=151,"National Energy Board","PLATTS, A div. of McGraw Hill",,2005-04-04,"0912 Library - Periodicals",,,,
http://www.neb-one.gc.ca/cntrctsrprtng/vwcntrct.aspx?id=122,"National Energy Board","Information Systems Architects Inc.",,2005-04-01,"1201 Repairs - Computer Hardware and Software",,,,
http://www.neb-one.gc.ca/cntrctsrprtng/vwcntrct.aspx?id=144,"National Energy Board","FreeBalance Inc.",,2005-04-01,"1201 Repairs - Computer Hardware and Software",,,,
http://www.neb-one.gc.ca/cntrctsrprtng/vwcntrct.aspx?id=145,"National Energy Board","Geologic Systems Inc.",,2005-04-01,"0622 Computer Services - Data Entry",,,,
http://www.neb-one.gc.ca/cntrctsrprtng/vwcntrct.aspx?id=180,"National Energy Board","PIRA Energy Group",,2005-04-01,"0601 Management Consultants",,,,
http://www.neb-one.gc.ca/cntrctsrprtng/vwcntrct.aspx?id=171,"National Energy Board","JR Harrington &amp; Associates Inc.",,2005-04-01,"0617 Other Professional Services",,,,
http://www.neb-one.gc.ca/cntrctsrprtng/vwcntrct.aspx?id=173,"National Energy Board","Citicourier - TDX",,2005-04-01,"0803 Courier Services",,,,
http://www.neb-one.gc.ca/cntrctsrprtng/vwcntrct.aspx?id=175,"National Energy Board","Donna Nixon",,2005-04-01,"0603 Other Consulting Services",,,,
http://www.neb-one.gc.ca/cntrctsrprtng/vwcntrct.aspx?id=143,"National Energy Board","GNI Networks Inc.",,2005-03-29,"1201 Repairs - Computer Hardware and Software",,,,
http://www.neb-one.gc.ca/cntrctsrprtng/vwcntrct.aspx?id=164,"National Energy Board","Xerox Canada Ltd.",,2005-03-29,"1003 Rental - Printing Equipment &amp; Usage",,,,
http://www.neb-one.gc.ca/cntrctsrprtng/vwcntrct.aspx?id=140,"National Energy Board","Hummingbird Communications Ltd.",,2005-03-24,"1201 Repairs - Computer Hardware and Software",,,,
http://www.neb-one.gc.ca/cntrctsrprtng/vwcntrct.aspx?id=141,"National Energy Board","CNW Group",,2005-03-24,"0617 Other Professional Services",,,,
http://www.neb-one.gc.ca/cntrctsrprtng/vwcntrct.aspx?id=142,"National Energy Board","Terra Reproductions Inc.",,2005-03-24,"0617 Other Professional Services",,,,
http://www.neb-one.gc.ca/cntrctsrprtng/vwcntrct.aspx?id=111,"National Energy Board","Thema Communication Inc.",,2005-03-24,"0613 Translation Services",,,,
http://www.neb-one.gc.ca/cntrctsrprtng/vwcntrct.aspx?id=112,"National Energy Board","Harfang Translation",,2005-03-24,"0613 Translation Services",,,,
http://www.neb-one.gc.ca/cntrctsrprtng/vwcntrct.aspx?id=113,"National Energy Board","Paula Macleod",,2005-03-24,"0613 Translation Services",,,,
http://www.neb-one.gc.ca/cntrctsrprtng/vwcntrct.aspx?id=138,"National Energy Board","FreeBalance Inc.",,2005-03-23,"1201 Repairs - Computer Hardware and Software",,,,
http://www.neb-one.gc.ca/cntrctsrprtng/vwcntrct.aspx?id=139,"National Energy Board","Inquisite Inc.",,2005-03-23,"1103 Computer Software",,,,
http://www.neb-one.gc.ca/cntrctsrprtng/vwcntrct.aspx?id=132,"National Energy Board","Softchoice Corporation",,2005-03-23,"1103 Computer Software",,,,
http://www.neb-one.gc.ca/cntrctsrprtng/vwcntrct.aspx?id=179,"National Energy Board","Sahtu Helicopters",,2005-03-22,"1008 Rental - Other",,,,
http://www.neb-one.gc.ca/cntrctsrprtng/vwcntrct.aspx?id=104,"National Energy Board","Navigant Consulting Inc.",,2005-03-22,"0601 Management Consultants",,,,
http://www.neb-one.gc.ca/cntrctsrprtng/vwcntrct.aspx?id=129,"National Energy Board","S.I. Systems",,2005-03-21,"0602 Information Technology Consultants",,,,
http://www.neb-one.gc.ca/cntrctsrprtng/vwcntrct.aspx?id=131,"National Energy Board","Dell Canada Corp.",,2005-03-21,"1104 Server / Printers / Components",,,,
http://www.neb-one.gc.ca/cntrctsrprtng/vwcntrct.aspx?id=127,"National Energy Board","Bindview Corporation",,2005-03-18,"1201 Repairs - Computer Hardware and Software",,,,
http://www.neb-one.gc.ca/cntrctsrprtng/vwcntrct.aspx?id=134,"National Energy Board","Open Text Corporation",,2005-03-18,"1201 Repairs - Computer Hardware and Software",,,,
http://www.neb-one.gc.ca/cntrctsrprtng/vwcntrct.aspx?id=163,"National Energy Board","Natureserve Canada",,2005-03-18,"1003 Rental - Printing Equipment &amp; Usage",,,,
http://www.neb-one.gc.ca/cntrctsrprtng/vwcntrct.aspx?id=123,"National Energy Board","Computer Modelling Group Ltd.",,2005-03-17,"0617 Other Professional Services",,,,
http://www.neb-one.gc.ca/cntrctsrprtng/vwcntrct.aspx?id=125,"National Energy Board","Dell Canada Corp.",,2005-03-16,"1104 Server / Printers / Components",,,,
http://www.neb-one.gc.ca/cntrctsrprtng/vwcntrct.aspx?id=161,"National Energy Board","Compugen Inc.",,2005-03-16,"0901 Office Supplies",,,,
http://www.neb-one.gc.ca/cntrctsrprtng/vwcntrct.aspx?id=137,"National Energy Board","Dell Canada Corp.",,2005-03-16,"1104 Server / Printers / Components",,,,
http://www.neb-one.gc.ca/cntrctsrprtng/vwcntrct.aspx?id=120,"National Energy Board","PEL Market Services",,2005-03-15,"0601 Management Consultants",,,,"Advance Payment Required"
http://www.neb-one.gc.ca/cntrctsrprtng/vwcntrct.aspx?id=121,"National Energy Board","Canadian Energy Research Institute",,2005-03-15,"0603 Other Consulting Services",,,,
http://www.neb-one.gc.ca/cntrctsrprtng/vwcntrct.aspx?id=160,"National Energy Board","Lippman Consulting Inc.",,2005-03-14,"0617 Other Professional Services",,,,
http://www.neb-one.gc.ca/cntrctsrprtng/vwcntrct.aspx?id=130,"National Energy Board","International Reporting Inc.",,2005-03-11,"0611 Court Reporting Services",,,,
http://www.neb-one.gc.ca/cntrctsrprtng/vwcntrct.aspx?id=116,"National Energy Board","Online Broadcasting Corp",,2005-03-11,"0617 Other Professional Services",,,,
http://www.neb-one.gc.ca/cntrctsrprtng/vwcntrct.aspx?id=118,"National Energy Board","Novell Canada Ltd.",,2005-03-10,"1201 Repairs - Computer Hardware and Software",,,,"Groupwise software maintenance"
http://www.neb-one.gc.ca/cntrctsrprtng/vwcntrct.aspx?id=119,"National Energy Board","Spirit Staffing",,2005-03-10,"0623 Temporary Help Services",,,,
http://www.neb-one.gc.ca/cntrctsrprtng/vwcntrct.aspx?id=158,"National Energy Board","Minister of Finance (BC)",,2005-03-09,"1103 Computer Software",,,,
http://www.neb-one.gc.ca/cntrctsrprtng/vwcntrct.aspx?id=117,"National Energy Board","Wilson Banwell Human Solutions Inc.",,2005-03-07,"0617 Other Professional Services",,,,"Possible 2 - 1 year options"
http://www.neb-one.gc.ca/cntrctsrprtng/vwcntrct.aspx?id=114,"National Energy Board","NIVA Inc.",,2005-03-02,"0617 Other Professional Services",,,,
http://www.neb-one.gc.ca/cntrctsrprtng/vwcntrct.aspx?id=109,"National Energy Board","Komex International Ltd.",,2005-03-02,"0617 Other Professional Services",,,,
http://www.neb-one.gc.ca/cntrctsrprtng/vwcntrct.aspx?id=115,"National Energy Board","IHS Energy (Canada) Ltd.",,2005-03-01,"1103 Computer Software",,,,
http://www.neb-one.gc.ca/cntrctsrprtng/vwcntrct.aspx?id=133,"National Energy Board","Lippman Consulting Inc.",,2005-03-01,"0617 Other Professional Services",,,,
http://www.neb-one.gc.ca/cntrctsrprtng/vwcntrct.aspx?id=110,"National Energy Board","The Graham Lowe Group",,2005-02-28,"0617 Other Professional Services",,,,
http://www.neb-one.gc.ca/cntrctsrprtng/vwcntrct.aspx?id=105,"National Energy Board","Informetrica Ltd.",,2005-02-23,"0617 Other Professional Services",,,,"Advance payment required"
http://www.neb-one.gc.ca/cntrctsrprtng/vwcntrct.aspx?id=178,"National Energy Board","Sahtu Helicopters",,2005-02-18,"1008 Rental - Other",,,,
http://www.neb-one.gc.ca/cntrctsrprtng/vwcntrct.aspx?id=106,"National Energy Board","Donna Nixon",,2005-02-10,"0601 Management Consultants",,,,
http://www.neb-one.gc.ca/cntrctsrprtng/vwcntrct.aspx?id=107,"National Energy Board","Q9 Networks",,2005-02-09,"0618 Other Business Services",,,,"Possible 1 year option"
http://www.neb-one.gc.ca/cntrctsrprtng/vwcntrct.aspx?id=102,"National Energy Board","Lippman Consulting Inc.",,2005-02-08,"0617 Other Professional Services",,,,"$14,000.00 US dollars"
http://www.neb-one.gc.ca/cntrctsrprtng/vwcntrct.aspx?id=103,"National Energy Board","Deana Silverstone",,2005-02-01,"0602 Information Technology Consultants",,,,
http://www.neb-one.gc.ca/cntrctsrprtng/vwcntrct.aspx?id=62,"National Energy Board","Green Pipe Industries Ltd.",,2005-02-01,"0603 Other Consulting Services",,,,
http://www.neb-one.gc.ca/cntrctsrprtng/vwcntrct.aspx?id=100,"National Energy Board","Dell Computer Corporation",,2005-01-27,"1104 Server / Printers / Components",,,,
http://www.neb-one.gc.ca/cntrctsrprtng/vwcntrct.aspx?id=101,"National Energy Board","EMC Corporation",,2005-01-27,"1104 Server / Printers / Components",,,,
http://www.neb-one.gc.ca/cntrctsrprtng/vwcntrct.aspx?id=157,"National Energy Board","Grand and Toy",,2005-01-26,"1111 Office Furniture and Parts",,,,
http://www.neb-one.gc.ca/cntrctsrprtng/vwcntrct.aspx?id=156,"National Energy Board","DMTI Spatial Inc.",,2005-01-25,"1003 Rental - Printing Equipment &amp; Usage",,,,
http://www.neb-one.gc.ca/cntrctsrprtng/vwcntrct.aspx?id=94,"National Energy Board","Apache Supeior Printing",,2005-01-25,"0703 External Printing",,,,
http://www.neb-one.gc.ca/cntrctsrprtng/vwcntrct.aspx?id=93,"National Energy Board","Hamilton Hall Soles",,2005-01-21,"0603 Other Consulting Services",,,,
http://www.neb-one.gc.ca/cntrctsrprtng/vwcntrct.aspx?id=86,"National Energy Board","Det Norske Veritas",,2005-01-14,"0603 Other Consulting Services",,,,
http://www.neb-one.gc.ca/cntrctsrprtng/vwcntrct.aspx?id=91,"National Energy Board","EMC Corporation",,2005-01-13,"1103 Computer Software",,,,
http://www.neb-one.gc.ca/cntrctsrprtng/vwcntrct.aspx?id=90,"National Energy Board","Darlene Ursulak",,2005-01-12,"0617 Other Professional Services",,,,
http://www.neb-one.gc.ca/cntrctsrprtng/vwcntrct.aspx?id=87,"National Energy Board","Ajilon Canada Inc.",,2005-01-12,"0617 Other Professional Services",,,,
http://www.neb-one.gc.ca/cntrctsrprtng/vwcntrct.aspx?id=89,"National Energy Board","Grand and Toy Ltd",,2005-01-11,"1111 Office Furniture and Parts",,,,
http://www.neb-one.gc.ca/cntrctsrprtng/vwcntrct.aspx?id=85,"National Energy Board","MRF Geosystems Corporation",,2005-01-11,"0602 Information Technology Consultants",,,,
http://www.neb-one.gc.ca/cntrctsrprtng/vwcntrct.aspx?id=92,"National Energy Board","Dell Computer Corporation",,2005-01-11,"1103 Computer Software",,,,
http://www.neb-one.gc.ca/cntrctsrprtng/vwcntrct.aspx?id=155,"National Energy Board","Dell Computer Corporation",,2005-01-11,"1104 Server / Printers / Components",,,,
http://www.neb-one.gc.ca/cntrctsrprtng/vwcntrct.aspx?id=99,"National Energy Board","Saintonge Alliance Inc.",,2005-01-07,"0617 Other Professional Services",,,,
http://www.neb-one.gc.ca/cntrctsrprtng/vwcntrct.aspx?id=126,"National Energy Board","Josie Stiles",,2005-01-05,"0603 Other Consulting Services",,,,
http://www.neb-one.gc.ca/cntrctsrprtng/vwcntrct.aspx?id=154,"National Energy Board","Grand and Toy",,2005-01-05,"1111 Office Furniture and Parts",,,,
http://www.neb-one.gc.ca/cntrctsrprtng/vwcntrct.aspx?id=72,"National Energy Board","Gartner Lee Limited",,2004-12-22,"0617 Other Professional Services",,,,
http://www.neb-one.gc.ca/cntrctsrprtng/vwcntrct.aspx?id=80,"National Energy Board","Robbert Associates Ltd.",,2004-12-22,"1201 Repairs - Computer Hardware and Software",,,,
http://www.neb-one.gc.ca/cntrctsrprtng/vwcntrct.aspx?id=78,"National Energy Board","Sue Ridewood, ABC",,2004-12-22,"0603 Other Consulting Services",,,,
http://www.neb-one.gc.ca/cntrctsrprtng/vwcntrct.aspx?id=79,"National Energy Board","AGTI Consulting Services",,2004-12-17,"0617 Other Professional Services",,,,
http://www.neb-one.gc.ca/cntrctsrprtng/vwcntrct.aspx?id=77,"National Energy Board","RAM Group",,2004-12-15,"1201 Repairs - Computer Hardware and Software",,,,
http://www.neb-one.gc.ca/cntrctsrprtng/vwcntrct.aspx?id=76,"National Energy Board",WorldatWork,,2004-12-14,"0603 Other Consulting Services",,,,
http://www.neb-one.gc.ca/cntrctsrprtng/vwcntrct.aspx?id=75,"National Energy Board","Moduspec Risk Management",,2004-12-06,"0603 Other Consulting Services",,,,
http://www.neb-one.gc.ca/cntrctsrprtng/vwcntrct.aspx?id=71,"National Energy Board","Nu-Trac Management Consultants",,2004-12-06,"0411 Training Consultants",,,,
http://www.neb-one.gc.ca/cntrctsrprtng/vwcntrct.aspx?id=83,"National Energy Board","Ivedha Inc.",,2004-12-03,"0603 Other Consulting Services",,,,
http://www.neb-one.gc.ca/cntrctsrprtng/vwcntrct.aspx?id=73,"National Energy Board","ESRI Canada Ltd.",,2004-12-02,"1103 Computer Software",,,,
http://www.neb-one.gc.ca/cntrctsrprtng/vwcntrct.aspx?id=74,"National Energy Board","Isoceles Information Solutions",,2004-12-02,"0603 Other Consulting Services",,,,
http://www.neb-one.gc.ca/cntrctsrprtng/vwcntrct.aspx?id=69,"National Energy Board","Western Management Consultants",,2004-11-29,"0603 Other Consulting Services",,,,
http://www.neb-one.gc.ca/cntrctsrprtng/vwcntrct.aspx?id=70,"National Energy Board","Sari Shernofsky Corp.",,2004-11-29,"0603 Other Consulting Services",,,,
http://www.neb-one.gc.ca/cntrctsrprtng/vwcntrct.aspx?id=68,"National Energy Board","Capability Connections",,2004-11-25,"0603 Other Consulting Services",,,,
http://www.neb-one.gc.ca/cntrctsrprtng/vwcntrct.aspx?id=55,"National Energy Board","AGTI Consulting Services",,2004-11-22,"0602 Information Technology Consultants",,,,
http://www.neb-one.gc.ca/cntrctsrprtng/vwcntrct.aspx?id=148,"National Energy Board","Nickle&#39;s Energy Group",,2004-11-18,"0911 Library &acirc;&#128;&#147; Books &amp; Other",,,,
http://www.neb-one.gc.ca/cntrctsrprtng/vwcntrct.aspx?id=84,"National Energy Board","ESRI Canada Ltd.",,2004-11-01,"1103 Computer Software",,,,
http://www.neb-one.gc.ca/cntrctsrprtng/vwcntrct.aspx?id=66,"National Energy Board","Eagle Professional Resources",,2004-10-30,"0617 Other Professional Services",,,,
http://www.neb-one.gc.ca/cntrctsrprtng/vwcntrct.aspx?id=67,"National Energy Board","Eagle Professional Resources",,2004-10-30,"0602 Information Technology Consultants",,,,
http://www.neb-one.gc.ca/cntrctsrprtng/vwcntrct.aspx?id=97,"National Energy Board","Navigant Consulting Inc.",,2004-10-26,"0601 Management Consultants",,,,
http://www.neb-one.gc.ca/cntrctsrprtng/vwcntrct.aspx?id=65,"National Energy Board","FreeBalance Inc.",,2004-10-25,"0602 Information Technology Consultants",,,,
http://www.neb-one.gc.ca/cntrctsrprtng/vwcntrct.aspx?id=64,"National Energy Board","NISHA Technologies Inc.",,2004-10-21,"0411 Training Consultants",,,,
http://www.neb-one.gc.ca/cntrctsrprtng/vwcntrct.aspx?id=56,"National Energy Board","NISHA Technologies Inc",,2004-10-21,"1104 Server / Printers / Components",,,,
http://www.neb-one.gc.ca/cntrctsrprtng/vwcntrct.aspx?id=59,"National Energy Board","Hewlett-Packard (Canada)",,2004-10-06,"1201 Repairs - Computer Hardware and Software",,,,
http://www.neb-one.gc.ca/cntrctsrprtng/vwcntrct.aspx?id=96,"National Energy Board","Cambridge Energy Research",,2004-10-05,"0601 Management Consultants",,,,
http://www.neb-one.gc.ca/cntrctsrprtng/vwcntrct.aspx?id=60,"National Energy Board","Art Bank",,2004-10-01,"1008 Rental - Other",,,,
http://www.neb-one.gc.ca/cntrctsrprtng/vwcntrct.aspx?id=63,"National Energy Board","Telus Convention Centre",,2004-10-01,"1001 Rental - Rooms",,,,
http://www.neb-one.gc.ca/cntrctsrprtng/vwcntrct.aspx?id=98,"National Energy Board","Navigant Consulting Inc.",,2004-09-30,"0601 Management Consultants",,,,
http://www.neb-one.gc.ca/cntrctsrprtng/vwcntrct.aspx?id=54,"National Energy Board","Moduspec Risk Management",,2004-09-29,"0617 Other Professional Services",,,,
http://www.neb-one.gc.ca/cntrctsrprtng/vwcntrct.aspx?id=53,"National Energy Board","Rowan Tree Books Ltd.",,2004-09-28,"0602 Information Technology Consultants",,,,
http://www.neb-one.gc.ca/cntrctsrprtng/vwcntrct.aspx?id=51,"National Energy Board","Xerox Canada Ltd.",,2004-09-22,"1003 Rental - Printing Equipment &amp; Usage",,,,
http://www.neb-one.gc.ca/cntrctsrprtng/vwcntrct.aspx?id=52,"National Energy Board","Xerox Canada Ltd.",,2004-09-22,"1003 Rental - Printing Equipment &amp; Usage",,,,
http://www.neb-one.gc.ca/cntrctsrprtng/vwcntrct.aspx?id=50,"National Energy Board","Hitachi Data Systems Inc.",,2004-09-21,"1201 Repairs - Computer Hardware and Software",,,,
http://www.neb-one.gc.ca/cntrctsrprtng/vwcntrct.aspx?id=49,"National Energy Board","NISHA Technologies Inc.",,2004-09-20,"1104 Server / Printers / Components",,,,
http://www.neb-one.gc.ca/cntrctsrprtng/vwcntrct.aspx?id=48,"National Energy Board","Accent Engineering Consulting",,2004-09-16,"0603 Other Consulting Services",,,,
http://www.neb-one.gc.ca/cntrctsrprtng/vwcntrct.aspx?id=47,"National Energy Board","Ajilon Canada Inc.",,2004-09-15,"0602 Information Technology Consultants",,,,
http://www.neb-one.gc.ca/cntrctsrprtng/vwcntrct.aspx?id=46,"National Energy Board","FrontRange Solutions USA",,2004-09-13,"1201 Repairs - Computer Hardware and Software",,,,
http://www.neb-one.gc.ca/cntrctsrprtng/vwcntrct.aspx?id=45,"National Energy Board","Judy Tanguay",,2004-09-10,"0603 Other Consulting Services",,,,
http://www.neb-one.gc.ca/cntrctsrprtng/vwcntrct.aspx?id=108,"National Energy Board","Canada-Newfoundland Offshore Petroleum Board",,2004-09-10,"0603 Other Consulting Services",,,,
http://www.neb-one.gc.ca/cntrctsrprtng/vwcntrct.aspx?id=44,"National Energy Board","QA Professional Services",,2004-08-24,"0603 Other Consulting Services",,,,
http://www.neb-one.gc.ca/cntrctsrprtng/vwcntrct.aspx?id=43,"National Energy Board","Ajilon Canada Inc.",,2004-08-20,"0602 Information Technology Consultants",,,,
http://www.neb-one.gc.ca/cntrctsrprtng/vwcntrct.aspx?id=42,"National Energy Board","Accent Engineering Consulting",,2004-08-18,"0603 Other Consulting Services",,,,
http://www.neb-one.gc.ca/cntrctsrprtng/vwcntrct.aspx?id=40,"National Energy Board","EBSCO Canada Ltd.",,2004-08-10,"0912 Library - Periodicals",,,,
http://www.neb-one.gc.ca/cntrctsrprtng/vwcntrct.aspx?id=41,"National Energy Board","Western Management Consultants",,2004-08-10,"0603 Other Consulting Services",,,,
http://www.neb-one.gc.ca/cntrctsrprtng/vwcntrct.aspx?id=39,"National Energy Board","Thomas Consulting",,2004-08-09,"0617 Other Professional Services",,,,
http://www.neb-one.gc.ca/cntrctsrprtng/vwcntrct.aspx?id=37,"National Energy Board","Xerox Canada Ltd.",,2004-08-05,"1104 Server / Printers / Components",,,,
http://www.neb-one.gc.ca/cntrctsrprtng/vwcntrct.aspx?id=38,"National Energy Board","Xerox Canada Ltd.",,2004-08-05,"1104 Server / Printers / Components",,,,
http://www.neb-one.gc.ca/cntrctsrprtng/vwcntrct.aspx?id=36,"National Energy Board","First Nations Network",,2004-07-29,"0411 Training Consultants",,,,
http://www.neb-one.gc.ca/cntrctsrprtng/vwcntrct.aspx?id=150,"National Energy Board","Marriott Residence Inn",,2004-07-29,"1001 Rental - Rooms",,,,
http://www.neb-one.gc.ca/cntrctsrprtng/vwcntrct.aspx?id=34,"National Energy Board","Ziff Energy Group",,2004-07-28,"0603 Other Consulting Services",,,,
http://www.neb-one.gc.ca/cntrctsrprtng/vwcntrct.aspx?id=35,"National Energy Board","Xerox Canada Ltd.",,2004-07-28,"1104 Server / Printers / Components",,,,
http://www.neb-one.gc.ca/cntrctsrprtng/vwcntrct.aspx?id=33,"National Energy Board","NISHA Technologies Inc.",,2004-07-27,"1104 Server / Printers / Components",,,,
http://www.neb-one.gc.ca/cntrctsrprtng/vwcntrct.aspx?id=32,"National Energy Board","NISHA Technologies Inc.",,2004-07-19,"1104 Server / Printers / Components",,,,
http://www.neb-one.gc.ca/cntrctsrprtng/vwcntrct.aspx?id=31,"National Energy Board","Geologic Systems Ltd.",,2004-07-06,"0622 Computer Services - Data Entry",,,,
http://www.neb-one.gc.ca/cntrctsrprtng/vwcntrct.aspx?id=29,"National Energy Board","TRM Technologies",,2004-06-30,"0617 Other Professional Services",,,,
http://www.neb-one.gc.ca/cntrctsrprtng/vwcntrct.aspx?id=30,"National Energy Board","S I Systems Ltd.",,2004-06-30,"0602 Information Technology Consultants",,,,
http://www.neb-one.gc.ca/cntrctsrprtng/vwcntrct.aspx?id=28,"National Energy Board","Eagle Professional Resources",,2004-06-29,"0602 Information Technology Consultants",,,,
http://www.neb-one.gc.ca/cntrctsrprtng/vwcntrct.aspx?id=26,"National Energy Board","Apex AVSI",,2004-06-28,"1112 Other Office Equipment and Parts",,,,
http://www.neb-one.gc.ca/cntrctsrprtng/vwcntrct.aspx?id=27,"National Energy Board","Applied Electronics Limited",,2004-06-28,"1112 Other Office Equipment and Parts",,,,
http://www.neb-one.gc.ca/cntrctsrprtng/vwcntrct.aspx?id=25,"National Energy Board","K&amp;M Consulting",,2004-06-24,"0603 Other Consulting Services",,,,
http://www.neb-one.gc.ca/cntrctsrprtng/vwcntrct.aspx?id=24,"National Energy Board","Novel Canada Ltd.",,2004-06-22,"1201 Repairs - Computer Hardware and Software",,,,
http://www.neb-one.gc.ca/cntrctsrprtng/vwcntrct.aspx?id=22,"National Energy Board","Ziff Energy Group",,2004-06-17,"0617 Other Professional Services",,,,
http://www.neb-one.gc.ca/cntrctsrprtng/vwcntrct.aspx?id=23,"National Energy Board","NIVA Inc.",,2004-06-17,"0617 Other Professional Services",,,,
http://www.neb-one.gc.ca/cntrctsrprtng/vwcntrct.aspx?id=21,"National Energy Board","Inland Audio Visual Limited",,2004-06-15,"0713 Audio-Visual Services",,,,
http://www.neb-one.gc.ca/cntrctsrprtng/vwcntrct.aspx?id=20,"National Energy Board","Technion Furniture Ltd.",,2004-06-14,"1111 Office Furniture and Parts",,,,
http://www.neb-one.gc.ca/cntrctsrprtng/vwcntrct.aspx?id=19,"National Energy Board","Harfang Translation",,2004-06-10,"0613 Translation Services",,,,
http://www.neb-one.gc.ca/cntrctsrprtng/vwcntrct.aspx?id=82,"National Energy Board","Acrodex Inc.",,2004-06-08,"1102 Computer Media &amp; Parts",,,,
http://www.neb-one.gc.ca/cntrctsrprtng/vwcntrct.aspx?id=18,"National Energy Board","Inland Audio Visual Limited",,2004-06-01,"0713 Audio-Visual Services",,,,
http://www.neb-one.gc.ca/cntrctsrprtng/vwcntrct.aspx?id=153,"National Energy Board","Management DevelopMentors Inc.",,2004-06-01,"0603 Other Consulting Services",,,,
http://www.neb-one.gc.ca/cntrctsrprtng/vwcntrct.aspx?id=17,"National Energy Board","Technion Furniture Ltd.",,2004-05-28,"1111 Office Furniture and Parts",,,,
http://www.neb-one.gc.ca/cntrctsrprtng/vwcntrct.aspx?id=16,"National Energy Board","TDX - The Document Exchange",,2004-05-25,"0803 Courier Services",,,,
http://www.neb-one.gc.ca/cntrctsrprtng/vwcntrct.aspx?id=14,"National Energy Board","Canada Newswire Ltd.",,2004-05-11,"0617 Other Professional Services",,,,
http://www.neb-one.gc.ca/cntrctsrprtng/vwcntrct.aspx?id=15,"National Energy Board","Acrodex Inc.",,2004-05-11,"0602 Information Technology Consultants",,,,
http://www.neb-one.gc.ca/cntrctsrprtng/vwcntrct.aspx?id=13,"National Energy Board","Darlene Ursulak",,2004-05-06,"0617 Other Professional Services",,,,
http://www.neb-one.gc.ca/cntrctsrprtng/vwcntrct.aspx?id=12,"National Energy Board","Canem Systems Ltd.",,2004-05-05,"1211 Repairs Tenant Services",,,,
http://www.neb-one.gc.ca/cntrctsrprtng/vwcntrct.aspx?id=10,"National Energy Board","Text Craft Inc.",,2004-05-03,"0617 Other Professional Services",,,,
http://www.neb-one.gc.ca/cntrctsrprtng/vwcntrct.aspx?id=11,"National Energy Board","PIRA Energy",,2004-05-03,"0601 Management Consultants",,,,
http://www.neb-one.gc.ca/cntrctsrprtng/vwcntrct.aspx?id=9,"National Energy Board","Delta Centre-Ville",,2004-04-30,"1001 Rental - Rooms",,,,
http://www.neb-one.gc.ca/cntrctsrprtng/vwcntrct.aspx?id=8,"National Energy Board","Triathlon Ltd.",,2004-04-29,"0618 Other Business Services",,,,
http://www.neb-one.gc.ca/cntrctsrprtng/vwcntrct.aspx?id=81,"National Energy Board","Friday Personnel Inc.",,2004-04-28,"0623 Temporary Help Services",,,,
http://www.neb-one.gc.ca/cntrctsrprtng/vwcntrct.aspx?id=7,"National Energy Board","Softchoice Corp.",,2004-04-22,"1103 Computer Software",,,,
http://www.neb-one.gc.ca/cntrctsrprtng/vwcntrct.aspx?id=6,"National Energy Board","Canem Systems Ltd.",,2004-04-16,"1211 Repairs Tenant Services",,,,
http://www.neb-one.gc.ca/cntrctsrprtng/vwcntrct.aspx?id=5,"National Energy Board","Freebalance Inc.",,2004-04-14,"1201 Repairs - Computer Hardware and Software",,,,
http://www.neb-one.gc.ca/cntrctsrprtng/vwcntrct.aspx?id=3,"National Energy Board","Acrodex Inc.",,2004-04-05,"0602 Information Technology Consultants",,,,
http://www.neb-one.gc.ca/cntrctsrprtng/vwcntrct.aspx?id=4,"National Energy Board",CharonSystems,,2004-04-05,"0602 Information Technology Consultants",,,,
http://www.neb-one.gc.ca/cntrctsrprtng/vwcntrct.aspx?id=2,"National Energy Board","GNI Networks Inc.",,2004-04-02,"1201 Repairs - Computer Hardware and Software",,,,
http://www.neb-one.gc.ca/cntrctsrprtng/vwcntrct.aspx?id=152,"National Energy Board","PLATTS, A div. of McGraw Hill",,2004-04-02,"0912 Library - Periodicals",,,,
http://www.neb-one.gc.ca/cntrctsrprtng/vwcntrct.aspx?id=1,"National Energy Board","Open Text Corporation",,2004-04-01,"1201 Repairs - Computer Hardware and Software",,,,
