http://www.nserc-crsng.gc.ca/Disclosure-Divulgation/ContractDetail-DetailContrat_eng.asp?Year=2008&PID=3&ID=84,"Natural Sciences and Engineering Research Council of Canada","AMJ CAMPBELL VAN LINES",N8-6500,2008-07-30,"Other Business Services not Elsewhere Specified","2008-08-01 to 2008-11-01",2008-08-01,33101.25,
http://www.nserc-crsng.gc.ca/Disclosure-Divulgation/ContractDetail-DetailContrat_eng.asp?Year=2008&PID=3&ID=85,"Natural Sciences and Engineering Research Council of Canada","ECOLE CREUSOT",N8-3501,2008-07-02,"Purchase of Training Packages and Courses","2008-07-02 to 2009-06-30",2008-07-02,38250.00,
http://www.nserc-crsng.gc.ca/Disclosure-Divulgation/ContractDetail-DetailContrat_eng.asp?Year=2008&PID=3&ID=86,"Natural Sciences and Engineering Research Council of Canada","ROBERT HALF CANADA INC.",N8-6028,2008-07-02,"Temporary Help Services","2008-07-02 to 2008-08-13",2008-07-02,17718.75,
http://www.nserc-crsng.gc.ca/Disclosure-Divulgation/ContractDetail-DetailContrat_eng.asp?Year=2008&PID=3&ID=87,"Natural Sciences and Engineering Research Council of Canada","ARTEMP PERSONNEL SERVICES INC",N8-3515,2008-07-04,"Information Technology Consultants","2008-07-02 to 2008-10-31",2008-07-02,26708.06,
http://www.nserc-crsng.gc.ca/Disclosure-Divulgation/ContractDetail-DetailContrat_eng.asp?Year=2008&PID=3&ID=88,"Natural Sciences and Engineering Research Council of Canada","ARTEMP PERSONNEL SERVICES INC",N8-3514,2008-07-04,"Information Technology Consultants","2008-07-02 to 2008-10-31",2008-07-02,25436.25,
http://www.nserc-crsng.gc.ca/Disclosure-Divulgation/ContractDetail-DetailContrat_eng.asp?Year=2008&PID=3&ID=89,"Natural Sciences and Engineering Research Council of Canada","THE ASSOCIATES GROUP OF COMPANIES",N8-3513,2008-07-04,"Information Technology Consultants","2008-07-02 to 2008-10-31",2008-07-02,29988.00,
http://www.nserc-crsng.gc.ca/Disclosure-Divulgation/ContractDetail-DetailContrat_eng.asp?Year=2008&PID=3&ID=90,"Natural Sciences and Engineering Research Council of Canada","CALAMAI ASSOCIATES",N8-3024,2008-07-11,"Management Consulting","2008-07-11 to 2008-12-19",2008-07-11,24570.00,
http://www.nserc-crsng.gc.ca/Disclosure-Divulgation/ContractDetail-DetailContrat_eng.asp?Year=2008&PID=3&ID=91,"Natural Sciences and Engineering Research Council of Canada","ALTIS HUMAN RESOURCES (OTTAWA)",N8-6501,2008-07-14,"Temporary Help Services","2008-07-21 to 2008-11-21",2008-07-21,39009.60,
http://www.nserc-crsng.gc.ca/Disclosure-Divulgation/ContractDetail-DetailContrat_eng.asp?Year=2008&PID=3&ID=92,"Natural Sciences and Engineering Research Council of Canada","ROBERT HALF CANADA INC.",N8-3518,2008-07-11,"Information Technology Consultants","2008-07-14 to 2008-10-31",2008-07-14,23042.25,
http://www.nserc-crsng.gc.ca/Disclosure-Divulgation/ContractDetail-DetailContrat_eng.asp?Year=2008&PID=3&ID=93,"Natural Sciences and Engineering Research Council of Canada","THE ASSOCIATES GROUP OF COMPANIES",N8-2010,2008-07-11,"Information Technology Consultants","2008-07-14 to 2008-10-31",2008-07-14,24982.65,
http://www.nserc-crsng.gc.ca/Disclosure-Divulgation/ContractDetail-DetailContrat_eng.asp?Year=2008&PID=3&ID=94,"Natural Sciences and Engineering Research Council of Canada","JANET MAIRS AND COLLEAGUES INC",N8-2014,2008-07-22,"Purchase of Training Packages and Courses","2008-08-26 to 2008-08-28",2008-08-26,20716.50,
http://www.nserc-crsng.gc.ca/Disclosure-Divulgation/ContractDetail-DetailContrat_eng.asp?Year=2008&PID=3&ID=95,"Natural Sciences and Engineering Research Council of Canada","RED SASH INC.",N8-9022,2008-07-28,"Computer Equipment - Small - Desktop/Personal/Portable/Keyboard","2008-07-28 to 2008-08-11",2008-07-28,24864.00,
http://www.nserc-crsng.gc.ca/Disclosure-Divulgation/ContractDetail-DetailContrat_eng.asp?Year=2008&PID=3&ID=96,"Natural Sciences and Engineering Research Council of Canada","THE ASSOCIATES GROUP OF COMPANIES",N8-6503,2008-07-31,"Temporary Help Services","2008-08-01 to 2009-03-31",2008-08-01,88987.50,
http://www.nserc-crsng.gc.ca/Disclosure-Divulgation/ContractDetail-DetailContrat_eng.asp?Year=2008&PID=3&ID=97,"Natural Sciences and Engineering Research Council of Canada","AGILYSYS CANADA",N8-3011,2008-08-01,"Information Technology Consultants","2008-08-05 to 2008-08-31",2008-08-05,15918.00,
http://www.nserc-crsng.gc.ca/Disclosure-Divulgation/ContractDetail-DetailContrat_eng.asp?Year=2008&PID=3&ID=98,"Natural Sciences and Engineering Research Council of Canada","NOVA NETWORKS INC.",N8-9023A,2008-08-13,"Miscellaneous Manufactured Articles","2008-08-07 to 2008-08-29",2008-08-07,10101.00,
http://www.nserc-crsng.gc.ca/Disclosure-Divulgation/ContractDetail-DetailContrat_eng.asp?Year=2008&PID=3&ID=99,"Natural Sciences and Engineering Research Council of Canada","R.A. MALATEST &amp; ASSOCIATES LTD.",N8-3012,2008-08-13,"Other Professional Services not Elsewhere Specified","2008-08-14 to 2009-03-31",2008-08-14,24255.00,
http://www.nserc-crsng.gc.ca/Disclosure-Divulgation/ContractDetail-DetailContrat_eng.asp?Year=2008&PID=3&ID=100,"Natural Sciences and Engineering Research Council of Canada","SHARP ELECTRONICS OF CANADA",N8-6034,2008-08-14,"Rental of Computer Equipment","2008-09-01 to 2011-08-30",2008-09-01,22919.40,
http://www.nserc-crsng.gc.ca/Disclosure-Divulgation/ContractDetail-DetailContrat_eng.asp?Year=2008&PID=3&ID=101,"Natural Sciences and Engineering Research Council of Canada","DELTA MEDIA INC.",N8-3016,2008-08-20,"Other Professional Services not Elsewhere Specified","2008-09-22 to 2009-01-30",2008-09-22,15723.75,
http://www.nserc-crsng.gc.ca/Disclosure-Divulgation/ContractDetail-DetailContrat_eng.asp?Year=2008&PID=3&ID=102,"Natural Sciences and Engineering Research Council of Canada","BRAINHUNTER OTTAWA INC.",N8-3519,2008-09-02,"Information Technology Consultants","2008-09-02 to 2009-09-01",2008-09-02,262500.00,
http://www.nserc-crsng.gc.ca/Disclosure-Divulgation/ContractDetail-DetailContrat_eng.asp?Year=2008&PID=3&ID=103,"Natural Sciences and Engineering Research Council of Canada","EXCEL HUMAN RESOURCES",N8-6036,2008-08-29,"Temporary Help Services","2008-09-03 to 2008-11-14",2008-09-03,10976.42,
http://www.nserc-crsng.gc.ca/Disclosure-Divulgation/ContractDetail-DetailContrat_eng.asp?Year=2008&PID=3&ID=104,"Natural Sciences and Engineering Research Council of Canada","DELTA PARTNERS INC.",N8-2500,2008-09-05,"Management Consulting","2008-09-05 to 2008-11-28",2008-09-05,38325.00,
http://www.nserc-crsng.gc.ca/Disclosure-Divulgation/ContractDetail-DetailContrat_eng.asp?Year=2008&PID=3&ID=105,"Natural Sciences and Engineering Research Council of Canada","KNOWCON INC",N8-6038,2008-09-05,"Information Technology Consultants","2008-09-08 to 2008-11-30",2008-09-08,24885.00,
http://www.nserc-crsng.gc.ca/Disclosure-Divulgation/ContractDetail-DetailContrat_eng.asp?Year=2008&PID=3&ID=106,"Natural Sciences and Engineering Research Council of Canada","G.JOLY COACHING",N8-6043,2008-09-08,"Purchase of Training Packages and Courses","2008-09-12 to 2009-06-20",2008-09-12,17400.60,
http://www.nserc-crsng.gc.ca/Disclosure-Divulgation/ContractDetail-DetailContrat_eng.asp?Year=2008&PID=3&ID=107,"Natural Sciences and Engineering Research Council of Canada","GLOBAL REWARDS INC..",N8-6039,2008-09-15,"Miscellaneous Manufactured Articles","2008-09-02 to 2008-09-28",2008-09-02,12290.25,
http://www.nserc-crsng.gc.ca/Disclosure-Divulgation/ContractDetail-DetailContrat_eng.asp?Year=2008&PID=3&ID=108,"Natural Sciences and Engineering Research Council of Canada","MARANTZ AND SON",N8-9029,2008-09-18,"Other Clothing","2008-09-16 to 2008-10-24",2008-09-16,19950.00,
http://www.nserc-crsng.gc.ca/Disclosure-Divulgation/ContractDetail-DetailContrat_eng.asp?Year=2008&PID=3&ID=109,"Natural Sciences and Engineering Research Council of Canada","ALTIS HUMAN RESOURCES (OTTAWA)",N8-6504,2008-09-22,"Temporary Help Services","2008-09-23 to 2009-01-30",2008-09-23,36571.50,
http://www.nserc-crsng.gc.ca/Disclosure-Divulgation/ContractDetail-DetailContrat_eng.asp?Year=2008&PID=3&ID=110,"Natural Sciences and Engineering Research Council of Canada","LUMINA IT INC.",N8-3019,2008-09-22,"Other Professional Services not Elsewhere Specified","2008-09-22 to 2008-12-19",2008-09-22,14280.00,
http://www.nserc-crsng.gc.ca/Disclosure-Divulgation/ContractDetail-DetailContrat_eng.asp?Year=2008&PID=3&ID=111,"Natural Sciences and Engineering Research Council of Canada",SPHERION,N8-6027,2008-07-02,"Temporary Help Services","2008-07-02 to 2008-10-31",2008-07-02,16065.00,
http://www.nserc-crsng.gc.ca/Disclosure-Divulgation/ContractDetail-DetailContrat_eng.asp?Year=2008&PID=2&ID=49,"Natural Sciences and Engineering Research Council of Canada","CMC-CANADIAN MANAGEMENT CENTRE",N8-3000,2008-26-03,"Purchase of Training Packages and Courses","2008-01-04 to 2008-30-06",2008-01-04,11235.00,
http://www.nserc-crsng.gc.ca/Disclosure-Divulgation/ContractDetail-DetailContrat_eng.asp?Year=2008&PID=2&ID=50,"Natural Sciences and Engineering Research Council of Canada","PROFESSIONAL LEARNING CENTRE",N8-2000,2008-07-04,"Purchase of Training Packages and Courses","2008-14-04 to 2008-19-12",2008-14-04,14700.00,
http://www.nserc-crsng.gc.ca/Disclosure-Divulgation/ContractDetail-DetailContrat_eng.asp?Year=2008&PID=2&ID=51,"Natural Sciences and Engineering Research Council of Canada","ACTION PERSONNEL",N8-6002,2008-09-04,"Temporary Help Services","2008-07-04 to 2008-30-09",2008-07-04,20341.13,
http://www.nserc-crsng.gc.ca/Disclosure-Divulgation/ContractDetail-DetailContrat_eng.asp?Year=2008&PID=2&ID=52,"Natural Sciences and Engineering Research Council of Canada","THE COVE TUCK SHOP",N8-7001,2008-09-04,"Printed Matter, Including Books, Newspapers, Pictures, Manuscripts and Forms","2008-01-04 to 2011-31-03",2008-01-04,15120.00,
http://www.nserc-crsng.gc.ca/Disclosure-Divulgation/ContractDetail-DetailContrat_eng.asp?Year=2008&PID=2&ID=53,"Natural Sciences and Engineering Research Council of Canada","LUMINA IT INC.",N8-3001,2008-10-04,"Management Consulting","2008-10-04 to 2008-30-04",2008-10-04,13440.00,
http://www.nserc-crsng.gc.ca/Disclosure-Divulgation/ContractDetail-DetailContrat_eng.asp?Year=2008&PID=2&ID=54,"Natural Sciences and Engineering Research Council of Canada","LEMMEX GROUP",N6-3513A,2008-07-04,"Purchase of Training Packages and Courses","2008-07-04 to 2008-19-12",2008-07-04,12810.00,
http://www.nserc-crsng.gc.ca/Disclosure-Divulgation/ContractDetail-DetailContrat_eng.asp?Year=2008&PID=2&ID=55,"Natural Sciences and Engineering Research Council of Canada","NON-LINEAR CREATIONS INC.",N8-3002,2008-17-04,"Other Professional Services not Elsewhere Specified","2008-17-04 to 2008-30-06",2008-17-04,24727.50,
http://www.nserc-crsng.gc.ca/Disclosure-Divulgation/ContractDetail-DetailContrat_eng.asp?Year=2008&PID=2&ID=56,"Natural Sciences and Engineering Research Council of Canada","TEKNION FURNITURE SYSTEMS",N8-9002,2008-25-04,"Office and Stationers Supplies","2008-21-04 to 2008-30-05",2008-21-04,19867.68,
http://www.nserc-crsng.gc.ca/Disclosure-Divulgation/ContractDetail-DetailContrat_eng.asp?Year=2008&PID=2&ID=57,"Natural Sciences and Engineering Research Council of Canada","SHARP ELECTRONICS OF CANADA",N8-6010,2008-28-04,"Rental of Computer Equipment","2008-01-05 to 2011-30-04",2008-01-05,13251.00,
http://www.nserc-crsng.gc.ca/Disclosure-Divulgation/ContractDetail-DetailContrat_eng.asp?Year=2008&PID=2&ID=58,"Natural Sciences and Engineering Research Council of Canada","ACCESS 2 NETWORKS INC.",N8-2003,2008-29-04,"Computer Equipment - Hardware and Software","2008-18-04 to 2008-01-06",2008-18-04,12453.15,
http://www.nserc-crsng.gc.ca/Disclosure-Divulgation/ContractDetail-DetailContrat_eng.asp?Year=2008&PID=2&ID=59,"Natural Sciences and Engineering Research Council of Canada","CANUS PLASTICS INC.",N8-2002,2008-29-04,"Office and Stationers Supplies","2009-01-04 to 2011-31-03",2009-01-04,24570.00,
http://www.nserc-crsng.gc.ca/Disclosure-Divulgation/ContractDetail-DetailContrat_eng.asp?Year=2008&PID=2&ID=60,"Natural Sciences and Engineering Research Council of Canada","E-MERGING SOLUTIONS",N8-3503,2008-01-05,"Information Technology Consultants","2008-05-05 to 2008-31-10",2008-05-05,76102.95,
http://www.nserc-crsng.gc.ca/Disclosure-Divulgation/ContractDetail-DetailContrat_eng.asp?Year=2008&PID=2&ID=61,"Natural Sciences and Engineering Research Council of Canada","INSCAPE SOLUTIONS",N8-9004,2008-06-05,"Office Furniture and Furnishings, Including Parts","2008-30-04 to 2008-15-07",2008-30-04,45933.55,
http://www.nserc-crsng.gc.ca/Disclosure-Divulgation/ContractDetail-DetailContrat_eng.asp?Year=2008&PID=2&ID=62,"Natural Sciences and Engineering Research Council of Canada","KNOLL NORTH AMERICA CORP",N8-9005,2008-08-05,"Non-professional Personal Service Contracts not Elsewhere Specified","2008-30-04 to 2008-15-07",2008-30-04,10665.30,
http://www.nserc-crsng.gc.ca/Disclosure-Divulgation/ContractDetail-DetailContrat_eng.asp?Year=2008&PID=2&ID=63,"Natural Sciences and Engineering Research Council of Canada","PROTECTRON SECURITY SYSTEMS",N8-9006,2008-08-05,"Other Office Equipment and Parts","2008-30-04 to 2008-01-10",2008-30-04,21473.19,
http://www.nserc-crsng.gc.ca/Disclosure-Divulgation/ContractDetail-DetailContrat_eng.asp?Year=2008&PID=2&ID=64,"Natural Sciences and Engineering Research Council of Canada","AMJ CAMPBELL VAN LINES",N8-6016,2008-09-05,"Other Business Services not Elsewhere Specified","2008-05-05 to 2008-14-05",2008-05-05,16779.00,
http://www.nserc-crsng.gc.ca/Disclosure-Divulgation/ContractDetail-DetailContrat_eng.asp?Year=2008&PID=2&ID=65,"Natural Sciences and Engineering Research Council of Canada","MAXSYS PROFESSIONALS",N8-6013,2008-12-05,"Temporary Help Services","2008-12-05 to 2008-30-09",2008-12-05,18522.00,
http://www.nserc-crsng.gc.ca/Disclosure-Divulgation/ContractDetail-DetailContrat_eng.asp?Year=2008&PID=2&ID=66,"Natural Sciences and Engineering Research Council of Canada","OFFICE FURNITURE CONCEPTS",N8-9007,2008-12-05,"Office Furniture and Furnishings, Including Parts","2008-02-05 to 2008-11-07",2008-02-05,16766.93,
http://www.nserc-crsng.gc.ca/Disclosure-Divulgation/ContractDetail-DetailContrat_eng.asp?Year=2008&PID=2&ID=67,"Natural Sciences and Engineering Research Council of Canada","OFFICE FURNITURE CONCEPTS",N8-9009,2008-30-04,"Office Furniture and Furnishings, Including Parts","2008-30-04 to 2008-10-09",2008-30-04,10251.15,
http://www.nserc-crsng.gc.ca/Disclosure-Divulgation/ContractDetail-DetailContrat_eng.asp?Year=2008&PID=2&ID=68,"Natural Sciences and Engineering Research Council of Canada","SECURIT RECORDS MANAGEMENT",N8-2004,2008-22-05,"Management Consulting","2008-22-05 to 2009-31-03",2008-22-05,15750.00,
http://www.nserc-crsng.gc.ca/Disclosure-Divulgation/ContractDetail-DetailContrat_eng.asp?Year=2008&PID=2&ID=69,"Natural Sciences and Engineering Research Council of Canada","BMB CONSULTING SERVICES INC.",N8-3004,2008-15-05,"Other Professional Services not Elsewhere Specified","2008-15-05 to 2008-31-10",2008-15-05,24858.75,
http://www.nserc-crsng.gc.ca/Disclosure-Divulgation/ContractDetail-DetailContrat_eng.asp?Year=2008&PID=2&ID=70,"Natural Sciences and Engineering Research Council of Canada","PATHFINDER DESIGN SYSTEMS LTD",N8-9012,2008-26-05,"Office Furniture and Furnishings, Including Parts","2008-20-05 to 2008-15-09",2008-20-05,69234.36,
http://www.nserc-crsng.gc.ca/Disclosure-Divulgation/ContractDetail-DetailContrat_eng.asp?Year=2008&PID=2&ID=71,"Natural Sciences and Engineering Research Council of Canada","SOFTCHOICE CORPORATION",N8-9010,2008-26-05,"Computer Equipment - Hardware and Software","2008-16-05 to 2008-31-05",2008-16-05,13743.45,
http://www.nserc-crsng.gc.ca/Disclosure-Divulgation/ContractDetail-DetailContrat_eng.asp?Year=2008&PID=2&ID=72,"Natural Sciences and Engineering Research Council of Canada","MAUREEN SINDEN EXECUTIVE SEARCH",N8-3003,2008-14-05,"Other Professional Services not Elsewhere Specified","2008-14-05 to 2008-30-08",2008-14-05,24990.00,
http://www.nserc-crsng.gc.ca/Disclosure-Divulgation/ContractDetail-DetailContrat_eng.asp?Year=2008&PID=2&ID=73,"Natural Sciences and Engineering Research Council of Canada","2KEYS CORPORATION",N8-3507,2008-28-05,"Information Technology Consultants","2008-29-05 to 2008-31-08",2008-29-05,60480.00,
http://www.nserc-crsng.gc.ca/Disclosure-Divulgation/ContractDetail-DetailContrat_eng.asp?Year=2008&PID=2&ID=74,"Natural Sciences and Engineering Research Council of Canada","NYC LIFE INC.",N8-3509,2008-29-05,"Information Technology Consultants","2008-09-06 to 2008-31-10",2008-09-06,39690.00,
http://www.nserc-crsng.gc.ca/Disclosure-Divulgation/ContractDetail-DetailContrat_eng.asp?Year=2008&PID=2&ID=75,"Natural Sciences and Engineering Research Council of Canada","SUNDOG FURNITURE SOLUTIONS INC",N8-9014,2008-03-06,"Office Furniture and Furnishings, Including Parts","2008-22-05 to 2008-29-10",2008-22-05,12581.10,
http://www.nserc-crsng.gc.ca/Disclosure-Divulgation/ContractDetail-DetailContrat_eng.asp?Year=2008&PID=2&ID=76,"Natural Sciences and Engineering Research Council of Canada","BARRY MCLOUGHLIN ASSOCIATES INC.",N8-3508,2008-11-06,"Management Consulting","2008-13-06 to 2008-31-08",2008-13-06,50820.00,
http://www.nserc-crsng.gc.ca/Disclosure-Divulgation/ContractDetail-DetailContrat_eng.asp?Year=2008&PID=2&ID=77,"Natural Sciences and Engineering Research Council of Canada",MARKETWIRE,N8-2005,2008-05-06,"Public Relations Services","2008-09-06 to 2009-31-03",2008-09-06,11235.00,
http://www.nserc-crsng.gc.ca/Disclosure-Divulgation/ContractDetail-DetailContrat_eng.asp?Year=2008&PID=2&ID=78,"Natural Sciences and Engineering Research Council of Canada","TEKNION FURNITURE SYSTEMS",N8-9016,2008-16-06,"Office Furniture and Furnishings, Including Parts","2008-12-06 to 2008-29-08",2008-12-06,55257.68,
http://www.nserc-crsng.gc.ca/Disclosure-Divulgation/ContractDetail-DetailContrat_eng.asp?Year=2008&PID=2&ID=79,"Natural Sciences and Engineering Research Council of Canada","EOC TECHNOLOGIES INC.",N8-3009,2008-18-06,"Information Technology Consultants","2008-02-07 to 2008-30-11",2008-02-07,24360.00,
http://www.nserc-crsng.gc.ca/Disclosure-Divulgation/ContractDetail-DetailContrat_eng.asp?Year=2008&PID=2&ID=80,"Natural Sciences and Engineering Research Council of Canada","FESTIVAL PROMOTIONS",N8-9019,2008-23-06,"Miscellaneous Manufactured Articles","2008-11-06 to 2008-17-07",2008-11-06,10206.00,
http://www.nserc-crsng.gc.ca/Disclosure-Divulgation/ContractDetail-DetailContrat_eng.asp?Year=2008&PID=2&ID=81,"Natural Sciences and Engineering Research Council of Canada","WHITE KNIGHT PROMOTIONS",N8-9018,2008-23-06,"Miscellaneous Manufactured Articles","2008-11-06 to 2008-31-07",2008-11-06,19982.40,
http://www.nserc-crsng.gc.ca/Disclosure-Divulgation/ContractDetail-DetailContrat_eng.asp?Year=2008&PID=2&ID=82,"Natural Sciences and Engineering Research Council of Canada","SHARP ELECTRONICS OF CANADA",N7-6255,2008-10-03,"Rental of Computer Equipment","2008-01-04 to 2011-31-03",2008-01-04,21344.40,
http://www.nserc-crsng.gc.ca/Disclosure-Divulgation/ContractDetail-DetailContrat_eng.asp?Year=2008&PID=2&ID=83,"Natural Sciences and Engineering Research Council of Canada","AJILON CANADA INC.",N8-3500,2008-26-03,"Information Technology Consultants","2008-01-04 to 2009-31-03",2008-01-04,75000.00,
http://www.nserc-crsng.gc.ca/Disclosure-Divulgation/ContractDetail-DetailContrat_eng.asp?Year=2007&PID=1&ID=0,"Natural Sciences and Engineering Research Council of Canada",DUOCOM,N6-9024,2007-01-05,"Computer Equipment - Small - Desktop/Personal/Portable/Keyboard","2007-01-08 to 2007-01-31",2007-01-08,10595.76,
http://www.nserc-crsng.gc.ca/Disclosure-Divulgation/ContractDetail-DetailContrat_eng.asp?Year=2007&PID=1&ID=1,"Natural Sciences and Engineering Research Council of Canada","DREWES TORBEN",N6-3042,2007-01-08,"Management Consulting","2007-01-08 to 2007-03-31",2007-01-08,24910.00,
http://www.nserc-crsng.gc.ca/Disclosure-Divulgation/ContractDetail-DetailContrat_eng.asp?Year=2008&PID=1&ID=2,"Natural Sciences and Engineering Research Council of Canada","DELTA PARTNERS INC.",N7-3510,2008-01-07,"Management Consulting","2008-01-07 to 2008-03-31",2008-01-07,62540.00,
http://www.nserc-crsng.gc.ca/Disclosure-Divulgation/ContractDetail-DetailContrat_eng.asp?Year=2008&PID=1&ID=3,"Natural Sciences and Engineering Research Council of Canada","DONNA CONA INC.",N7-3026,2008-01-08,"Management Consulting","2008-01-03 to 2008-03-31",2008-01-03,24910.00,
http://www.nserc-crsng.gc.ca/Disclosure-Divulgation/ContractDetail-DetailContrat_eng.asp?Year=2008&PID=1&ID=4,"Natural Sciences and Engineering Research Council of Canada","EXCEL HUMAN RESOURCES",N7-6234,2008-01-10,"Temporary Help Services","2008-01-14 to 2008-03-07",2008-01-14,12600.00,
http://www.nserc-crsng.gc.ca/Disclosure-Divulgation/ContractDetail-DetailContrat_eng.asp?Year=2008&PID=1&ID=5,"Natural Sciences and Engineering Research Council of Canada",MAJACO,N7-3029,2008-01-16,"Telecommunications Consultant","2008-01-21 to 2008-06-06",2008-01-21,24900.76,
http://www.nserc-crsng.gc.ca/Disclosure-Divulgation/ContractDetail-DetailContrat_eng.asp?Year=2008&PID=1&ID=6,"Natural Sciences and Engineering Research Council of Canada","CALIAN LTD.",N7-6502,2008-01-17,"Temporary Help Services","2008-01-21 to 2009-03-31",2008-01-21,70980.00,
http://www.nserc-crsng.gc.ca/Disclosure-Divulgation/ContractDetail-DetailContrat_eng.asp?Year=2008&PID=1&ID=7,"Natural Sciences and Engineering Research Council of Canada","SECURE TECHNOLOGIES",N7-9038,2008-01-21,"Computer Equipment - Small - Desktop/Personal/Portable/Keyboard","2008-01-16 to 2008-03-31",2008-01-16,99685.95,
http://www.nserc-crsng.gc.ca/Disclosure-Divulgation/ContractDetail-DetailContrat_eng.asp?Year=2008&PID=1&ID=8,"Natural Sciences and Engineering Research Council of Canada","BARRINGTON RESEARCH GROUP INC.",N7-3507,2008-01-23,"Other Professional Services not Elsewhere Specified","2008-01-07 to 2008-07-31",2008-01-07,33769.36,
http://www.nserc-crsng.gc.ca/Disclosure-Divulgation/ContractDetail-DetailContrat_eng.asp?Year=2008&PID=1&ID=9,"Natural Sciences and Engineering Research Council of Canada","KNOLL NORTH AMERICA CORP.",N7-9039,2008-01-23,"Office Furniture and Furnishings, Including Parts","2008-01-08 to 2008-03-31",2008-01-08,115303.56,
http://www.nserc-crsng.gc.ca/Disclosure-Divulgation/ContractDetail-DetailContrat_eng.asp?Year=2008&PID=1&ID=10,"Natural Sciences and Engineering Research Council of Canada","KNOLL NORTH AMERICA CORP.",N7-9040,2008-01-23,"Office Furniture and Furnishings, Including Parts","2008-01-08 to 2008-03-31",2008-01-08,144658.20,
http://www.nserc-crsng.gc.ca/Disclosure-Divulgation/ContractDetail-DetailContrat_eng.asp?Year=2008&PID=1&ID=11,"Natural Sciences and Engineering Research Council of Canada","TEKNION FURNITURE SYSTEMS",N7-9041,2008-01-24,"Office Furniture and Furnishings, Including Parts","2008-01-08 to 2008-03-31",2008-01-08,233335.87,
http://www.nserc-crsng.gc.ca/Disclosure-Divulgation/ContractDetail-DetailContrat_eng.asp?Year=2008&PID=1&ID=12,"Natural Sciences and Engineering Research Council of Canada","TEKNION FURNITURE SYSTEMS",N7-9042,2008-01-24,"Office Furniture and Furnishings, Including Parts","2008-01-08 to 2008-03-31",2008-01-08,253635.98,
http://www.nserc-crsng.gc.ca/Disclosure-Divulgation/ContractDetail-DetailContrat_eng.asp?Year=2008&PID=1&ID=13,"Natural Sciences and Engineering Research Council of Canada","ALLIANCE PERSONNEL INC.",N7-6244,2008-01-28,"Temporary Help Services","2008-01-29 to 2008-05-02",2008-01-29,13923.00,
http://www.nserc-crsng.gc.ca/Disclosure-Divulgation/ContractDetail-DetailContrat_eng.asp?Year=2008&PID=1&ID=14,"Natural Sciences and Engineering Research Council of Canada","ALTIS HUMAN RESOURCES (OTTAWA)",N7-6503,2008-01-28,"Temporary Help Services","2008-01-23 to 2008-06-13",2008-01-23,44100.00,
http://www.nserc-crsng.gc.ca/Disclosure-Divulgation/ContractDetail-DetailContrat_eng.asp?Year=2008&PID=1&ID=15,"Natural Sciences and Engineering Research Council of Canada","LYNDA NAVEDA CONSULTING INC.",N7-3031,2008-01-29,"Other Professional Services not Elsewhere Specified","2008-01-30 to 2008-04-30",2008-01-30,19740.00,
http://www.nserc-crsng.gc.ca/Disclosure-Divulgation/ContractDetail-DetailContrat_eng.asp?Year=2008&PID=1&ID=16,"Natural Sciences and Engineering Research Council of Canada","GARTNER CANADA INC.",N7-2508,2008-01-31,"Membership Fees","2008-02-01 to 2009-01-31",2008-02-01,37598.76,
http://www.nserc-crsng.gc.ca/Disclosure-Divulgation/ContractDetail-DetailContrat_eng.asp?Year=2008&PID=1&ID=17,"Natural Sciences and Engineering Research Council of Canada","SOFTCHOICE CORPORATION",N7-2506,2008-01-31,"Computer Equipment - Hardware and Software","2008-01-31 to 2008-03-31",2008-01-31,91825.65,
http://www.nserc-crsng.gc.ca/Disclosure-Divulgation/ContractDetail-DetailContrat_eng.asp?Year=2008&PID=1&ID=18,"Natural Sciences and Engineering Research Council of Canada","SECURE TECHNOLOGIES",N7-9043,2008-02-01,"Computer Equipment - Hardware and Software","2008-02-18 to 2008-03-10",2008-02-18,14913.28,
http://www.nserc-crsng.gc.ca/Disclosure-Divulgation/ContractDetail-DetailContrat_eng.asp?Year=2008&PID=1&ID=19,"Natural Sciences and Engineering Research Council of Canada","SYBASE CANADA LTD.",N7-1500,2008-02-07,"Computer Software","2007-11-26 to 2008-03-31",2007-11-26,54933.44,
http://www.nserc-crsng.gc.ca/Disclosure-Divulgation/ContractDetail-DetailContrat_eng.asp?Year=2008&PID=1&ID=20,"Natural Sciences and Engineering Research Council of Canada","6251901 CANADA INC.",N7-6251,2008-02-11,"Temporary Help Services","2008-02-12 to 2008-03-31",2008-02-12,10357.20,
http://www.nserc-crsng.gc.ca/Disclosure-Divulgation/ContractDetail-DetailContrat_eng.asp?Year=2008&PID=1&ID=21,"Natural Sciences and Engineering Research Council of Canada","CISTEL TECHNOLOGY INC.",N7-3511,2008-02-13,"Information Technology Consultants","2008-02-04 to 2008-06-30",2008-02-04,76500.00,
http://www.nserc-crsng.gc.ca/Disclosure-Divulgation/ContractDetail-DetailContrat_eng.asp?Year=2008&PID=1&ID=22,"Natural Sciences and Engineering Research Council of Canada","SOFTCHOICE CORP.",N7-9045,2008-02-14,"Computer Equipment - Hardware and Software","2008-02-25 to 2008-03-31",2008-02-25,49833.00,
http://www.nserc-crsng.gc.ca/Disclosure-Divulgation/ContractDetail-DetailContrat_eng.asp?Year=2008&PID=1&ID=23,"Natural Sciences and Engineering Research Council of Canada","PIERRE NORMAND COMMUNICATONS",N7-3032,2008-02-18,"Other Professional Services not Elsewhere Specified","2008-02-20 to 2008-04-30",2008-02-20,12180.01,
http://www.nserc-crsng.gc.ca/Disclosure-Divulgation/ContractDetail-DetailContrat_eng.asp?Year=2008&PID=1&ID=24,"Natural Sciences and Engineering Research Council of Canada","DYNTEK CANADA LTD.",N7-2036,2008-02-19,"Computer Equipment - Hardware and Software","2008-01-18 to 2008-03-31",2008-01-18,21221.48,
http://www.nserc-crsng.gc.ca/Disclosure-Divulgation/ContractDetail-DetailContrat_eng.asp?Year=2008&PID=1&ID=25,"Natural Sciences and Engineering Research Council of Canada","RED SASH INC.",N7-9047,2008-02-21,"Computer Software","2008-02-25 to 2008-03-31",2008-02-25,24864.00,
http://www.nserc-crsng.gc.ca/Disclosure-Divulgation/ContractDetail-DetailContrat_eng.asp?Year=2008&PID=1&ID=26,"Natural Sciences and Engineering Research Council of Canada","FULLINE BUSINESS INTERIORS INC.",N7-9048,2008-02-22,"Office Furniture and Furnishings, Including Parts","2008-02-20 to 2008-03-28",2008-02-20,27949.68,
http://www.nserc-crsng.gc.ca/Disclosure-Divulgation/ContractDetail-DetailContrat_eng.asp?Year=2008&PID=1&ID=27,"Natural Sciences and Engineering Research Council of Canada","PROFESSIONAL TRAINING SERVICE",N7-3505A,2008-02-22,"Purchase of Training Packages and Courses","2008-02-26 to 2008-12-17",2008-02-26,13860.00,
http://www.nserc-crsng.gc.ca/Disclosure-Divulgation/ContractDetail-DetailContrat_eng.asp?Year=2008&PID=1&ID=28,"Natural Sciences and Engineering Research Council of Canada","R.D. MCALPINE ASSOCIATES INC.",N7-3512,2008-02-22,"Other Professional Services not Elsewhere Specified","2008-03-03 to 2008-08-31",2008-03-03,76500.00,
http://www.nserc-crsng.gc.ca/Disclosure-Divulgation/ContractDetail-DetailContrat_eng.asp?Year=2008&PID=1&ID=29,"Natural Sciences and Engineering Research Council of Canada","SECURE TECHNOLOGIES",N7-9049,2008-02-25,"Computer Equipment- Hardware and Software","2008-02-25 to 2008-03-31",2008-02-25,80288.25,
http://www.nserc-crsng.gc.ca/Disclosure-Divulgation/ContractDetail-DetailContrat_eng.asp?Year=2008&PID=1&ID=30,"Natural Sciences and Engineering Research Council of Canada","JMM CONSUL./6344895 CDA INC.",N7-3033A,2008-02-26,"Other Professional Services not Elsewhere Specified","2008-02-25 to 2008-03-31",2008-02-25,24097.50,
http://www.nserc-crsng.gc.ca/Disclosure-Divulgation/ContractDetail-DetailContrat_eng.asp?Year=2008&PID=1&ID=31,"Natural Sciences and Engineering Research Council of Canada","PERFORMANCE MANAGEMENT CONSULTANTS",N6-3513B(3),2008-02-26,"Purchase of Training Packages and Courses","2008-02-25 to 2008-12-19",2008-02-25,23940.00,
http://www.nserc-crsng.gc.ca/Disclosure-Divulgation/ContractDetail-DetailContrat_eng.asp?Year=2008&PID=1&ID=32,"Natural Sciences and Engineering Research Council of Canada","NON-LINEAR CREATIONS INC.",N7-3034,2008-02-27,"Other Professional Services not Elsewhere Specified","2008-03-01 to 2008-03-31",2008-03-01,24948.00,
http://www.nserc-crsng.gc.ca/Disclosure-Divulgation/ContractDetail-DetailContrat_eng.asp?Year=2008&PID=1&ID=33,"Natural Sciences and Engineering Research Council of Canada","ADVANCED BUSINESS INTERIORS",N7-9053,2008-02-29,"Office Furniture and Furnishings, Including Parts","2008-02-20 to 2008-03-28",2008-02-20,44594.35,
http://www.nserc-crsng.gc.ca/Disclosure-Divulgation/ContractDetail-DetailContrat_eng.asp?Year=2008&PID=1&ID=34,"Natural Sciences and Engineering Research Council of Canada","ADVANCED BUSINESS INTERIORS",N7-9052,2008-02-29,"Office Furniture and Furnishings, Including Parts","2008-02-20 to 2008-03-28",2008-02-20,15329.43,
http://www.nserc-crsng.gc.ca/Disclosure-Divulgation/ContractDetail-DetailContrat_eng.asp?Year=2008&PID=1&ID=35,"Natural Sciences and Engineering Research Council of Canada","ASOKAN BUSINESS INTERIORS",N7-9050,2008-02-29,"Office Furniture and Furnishings, Including Parts","2008-02-20 to 2008-03-28",2008-02-20,34757.87,
http://www.nserc-crsng.gc.ca/Disclosure-Divulgation/ContractDetail-DetailContrat_eng.asp?Year=2008&PID=1&ID=36,"Natural Sciences and Engineering Research Council of Canada","ISE INC.",N7-9054,2008-02-29,"Office furniture and Furnishing, Including Parts","2008-02-20 to 2008-03-28",2008-02-20,58857.04,
http://www.nserc-crsng.gc.ca/Disclosure-Divulgation/ContractDetail-DetailContrat_eng.asp?Year=2008&PID=1&ID=37,"Natural Sciences and Engineering Research Council of Canada","TERRANOVA INC.",N7-2038,2008-03-03,"Information Technology Consultants","2008-02-29 to 2008-03-31",2008-02-29,22989.75,
http://www.nserc-crsng.gc.ca/Disclosure-Divulgation/ContractDetail-DetailContrat_eng.asp?Year=2008&PID=1&ID=38,"Natural Sciences and Engineering Research Council of Canada","MULTI CORPORA R / D INC.",N7-2037,2008-03-04,"Computer Equipment - Hardware and Software","2008-03-24 to 2008-03-31",2008-03-24,10877.16,
http://www.nserc-crsng.gc.ca/Disclosure-Divulgation/ContractDetail-DetailContrat_eng.asp?Year=2008&PID=1&ID=39,"Natural Sciences and Engineering Research Council of Canada","BELL CANADA",N7-9055,2008-03-05,"Digital Communications Equipment for Integrated Voice, Data (Message/Text and Computer) or else if Image/Video","2008-02-29 to 2008-03-28",2008-02-29,12936.00,
http://www.nserc-crsng.gc.ca/Disclosure-Divulgation/ContractDetail-DetailContrat_eng.asp?Year=2008&PID=1&ID=40,"Natural Sciences and Engineering Research Council of Canada",CBIT-CCTI,N6-3513C(3),2008-03-06,"Purchase of Training Packages and Courses","2008-02-25 to 2008-09-12",2008-02-25,15802.50,
http://www.nserc-crsng.gc.ca/Disclosure-Divulgation/ContractDetail-DetailContrat_eng.asp?Year=2008&PID=1&ID=41,"Natural Sciences and Engineering Research Council of Canada","DOW JONES &amp; COMPANY INC.",N7-6504,2008-03-07,"Printed Matter, Including Books, Newspapers, Pictures, Manuscripts and Forms","2008-03-01 to 2008-03-31",2008-03-01,54810.00,
http://www.nserc-crsng.gc.ca/Disclosure-Divulgation/ContractDetail-DetailContrat_eng.asp?Year=2008&PID=1&ID=42,"Natural Sciences and Engineering Research Council of Canada","HARRINGTON STAFFING SERVICES",N7-6258,2008-03-17,"Temporary Help Services","2008-03-17 to 2008-06-20",2008-03-17,10763.55,
http://www.nserc-crsng.gc.ca/Disclosure-Divulgation/ContractDetail-DetailContrat_eng.asp?Year=2008&PID=1&ID=43,"Natural Sciences and Engineering Research Council of Canada",MANPOWER,N7-6259,2008-03-17,"Temporary Help Services","2008-03-17 to 2008-07-11",2008-03-17,11024.79,
http://www.nserc-crsng.gc.ca/Disclosure-Divulgation/ContractDetail-DetailContrat_eng.asp?Year=2008&PID=1&ID=44,"Natural Sciences and Engineering Research Council of Canada","dB SOUND SOLUTIONS",N7-6256,2008-03-19,"Engineering Consultants - Other","2008-03-18 to 2008-03-31",2008-03-18,10185.00,
http://www.nserc-crsng.gc.ca/Disclosure-Divulgation/ContractDetail-DetailContrat_eng.asp?Year=2008&PID=1&ID=45,"Natural Sciences and Engineering Research Council of Canada","NOVA NETWORKS INC.",N7-9058,2008-03-19,"Computer Equipment - Small - Desktop/Personal/Portable/Keyboard","2008-03-18 to 2008-03-31",2008-03-18,125696.48,
http://www.nserc-crsng.gc.ca/Disclosure-Divulgation/ContractDetail-DetailContrat_eng.asp?Year=2008&PID=1&ID=46,"Natural Sciences and Engineering Research Council of Canada","ACCESS 2 NETWORKS INC.",N7-2035,2008-03-25,"Computer Equipment - Hardware and Software","2008-01-15 to 2008-03-30",2008-01-15,17827.43,
http://www.nserc-crsng.gc.ca/Disclosure-Divulgation/ContractDetail-DetailContrat_eng.asp?Year=2008&PID=1&ID=47,"Natural Sciences and Engineering Research Council of Canada","NOVA NETWORKS INC.",N7-9062,2008-03-27,"Computer Equipment - Hardware and Software","2008-03-26 to 2008-03-31",2008-03-26,15618.75,
http://www.nserc-crsng.gc.ca/Disclosure-Divulgation/ContractDetail-DetailContrat_eng.asp?Year=2008&PID=1&ID=48,"Natural Sciences and Engineering Research Council of Canada","AJILON CANADA INC.",N7-3508,2008-01-07,"Information Technology Consultant","2008-01-07 to 2009-03-31",2008-01-07,75684.00,
http://www.nserc-crsng.gc.ca/Disclosure-Divulgation/ContractDetail-DetailContrat_eng.asp?Year=2007&PID=4&ID=116,"Natural Sciences and Engineering Research Council of Canada","G. JOLY COACHING",N7-2021,2007-10-03,"Purchase of Training Packages and Courses","2007-10-05 to 2008-03-31",2007-10-05,12796.32,
http://www.nserc-crsng.gc.ca/Disclosure-Divulgation/ContractDetail-DetailContrat_eng.asp?Year=2007&PID=4&ID=117,"Natural Sciences and Engineering Research Council of Canada","VISIONARTS INC.",N7-3017,2007-10-03,"Other Professional Services not Elsewhere Specified","2007-10-15 to 2007-12-15",2007-10-15,24592.00,
http://www.nserc-crsng.gc.ca/Disclosure-Divulgation/ContractDetail-DetailContrat_eng.asp?Year=2007&PID=4&ID=118,"Natural Sciences and Engineering Research Council of Canada","ASOKAN BUSINESS INTERIORS",N7-9023,2007-10-05,"Office Furniture and Furnishings, Including Parts","2007-10-19 to 2007-10-22",2007-10-19,15343.12,
http://www.nserc-crsng.gc.ca/Disclosure-Divulgation/ContractDetail-DetailContrat_eng.asp?Year=2007&PID=4&ID=119,"Natural Sciences and Engineering Research Council of Canada","KNOLL NORTH AMERICA CORP",N7-9024,2007-10-05,"Office Furniture and Furnishings, Including Parts","2007-10-04 to 2007-11-15",2007-10-04,25163.01,
http://www.nserc-crsng.gc.ca/Disclosure-Divulgation/ContractDetail-DetailContrat_eng.asp?Year=2007&PID=4&ID=120,"Natural Sciences and Engineering Research Council of Canada","SHARP ELECTRONICS OF CANADA",N7-6119,2007-10-11,"Rental of Computer Equipment","2007-11-01 to 10-10-31",2007-11-01,12223.92,
http://www.nserc-crsng.gc.ca/Disclosure-Divulgation/ContractDetail-DetailContrat_eng.asp?Year=2007&PID=4&ID=121,"Natural Sciences and Engineering Research Council of Canada","C.B.-Z. INC",N7-6120,2007-10-15,"Other Professional Services not Elsewhere Specified","2007-10-15 to 2008-03-31",2007-10-15,10600.00,
http://www.nserc-crsng.gc.ca/Disclosure-Divulgation/ContractDetail-DetailContrat_eng.asp?Year=2007&PID=4&ID=122,"Natural Sciences and Engineering Research Council of Canada","DARE HUMAN RESOURCES",N7-6122,2007-10-15,"Other Professional Services not Elsewhere Specified","2007-10-15 to 2008-03-31",2007-10-15,10600.00,
http://www.nserc-crsng.gc.ca/Disclosure-Divulgation/ContractDetail-DetailContrat_eng.asp?Year=2007&PID=4&ID=123,"Natural Sciences and Engineering Research Council of Canada","LONGO AND ASSOCIATES LTD.",N7-6121,2007-10-15,"Other Professional Services not Elsewhere Specified","2007-10-15 to 2008-03-31",2007-10-15,10600.00,
http://www.nserc-crsng.gc.ca/Disclosure-Divulgation/ContractDetail-DetailContrat_eng.asp?Year=2007&PID=4&ID=124,"Natural Sciences and Engineering Research Council of Canada","METAFORE LIMITED PARTNERSHIP",N7-9025,2007-10-15,"Computer Equipment - Small - Desktop/Personal/Portable/Keyboard","2007-10-12 to 2007-10-31",2007-10-12,33220.40,
http://www.nserc-crsng.gc.ca/Disclosure-Divulgation/ContractDetail-DetailContrat_eng.asp?Year=2007&PID=4&ID=125,"Natural Sciences and Engineering Research Council of Canada","TRANSFERT DE CONNAISSANCE ET INNOVATION",N7-3018,2007-10-15,"Management Consulting","2007-10-15 to 2008-01-15",2007-10-15,24168.00,
http://www.nserc-crsng.gc.ca/Disclosure-Divulgation/ContractDetail-DetailContrat_eng.asp?Year=2007&PID=4&ID=126,"Natural Sciences and Engineering Research Council of Canada","ACCESS 2 NETWORKS INC.",N7-2023,2007-10-18,"Computer Equipment - Hardware and Software","2007-11-01 to 2008-03-31",2007-11-01,13006.20,
http://www.nserc-crsng.gc.ca/Disclosure-Divulgation/ContractDetail-DetailContrat_eng.asp?Year=2007&PID=4&ID=127,"Natural Sciences and Engineering Research Council of Canada","TEKNION FURNITURE SYSTEMS",N7-9026,2007-10-19,"Office Furniture and Furnishings, Including Parts","2007-10-10 to 2007-11-15",2007-10-10,37413.28,
http://www.nserc-crsng.gc.ca/Disclosure-Divulgation/ContractDetail-DetailContrat_eng.asp?Year=2007&PID=4&ID=128,"Natural Sciences and Engineering Research Council of Canada","KPMG LLP",N7-3019,2007-10-20,"Other Professional Services not Elsewhere Specified","2007-10-2007 to 2008-03-10",2007-10-2007,19080.00,
http://www.nserc-crsng.gc.ca/Disclosure-Divulgation/ContractDetail-DetailContrat_eng.asp?Year=2007&PID=4&ID=129,"Natural Sciences and Engineering Research Council of Canada","SOFTCHOICE CORPORATION",N7-9028,2007-10-26,"Computer Equipment - Hardware and Software","2007-11-05 to 2007-11-23",2007-11-05,24951.57,
http://www.nserc-crsng.gc.ca/Disclosure-Divulgation/ContractDetail-DetailContrat_eng.asp?Year=2007&PID=4&ID=130,"Natural Sciences and Engineering Research Council of Canada","M.KATHLEEN SHEARER",N7-2027,2007-11-05,"Other Professional Services not Elsewhere Specified","2007-11-05 to 2007-12-31",2007-11-05,11448.00,
http://www.nserc-crsng.gc.ca/Disclosure-Divulgation/ContractDetail-DetailContrat_eng.asp?Year=2007&PID=4&ID=131,"Natural Sciences and Engineering Research Council of Canada","DUSABLON INFORMATICS",N7-3021,2007-11-13,"Non-professional Personal Service Contracts not Elsewhere Specified","2007-11-13 to 2008-01-31",2007-11-13,25000.00,
http://www.nserc-crsng.gc.ca/Disclosure-Divulgation/ContractDetail-DetailContrat_eng.asp?Year=2007&PID=4&ID=132,"Natural Sciences and Engineering Research Council of Canada","C.B.-Z. INC",N7-6215,2007-11-28,"Other Professional Services not Elsewhere Specified","2007-11-20 to 2008-03-31",2007-11-20,24867.60,
http://www.nserc-crsng.gc.ca/Disclosure-Divulgation/ContractDetail-DetailContrat_eng.asp?Year=2007&PID=4&ID=133,"Natural Sciences and Engineering Research Council of Canada","MORNINGSTAR ENTERTAINMENT INC.",N7-3025,2007-12-04,"Other Professional Services not Elsewhere Specified","2007-12-04 to 2007-12-2007",2007-12-04,18990.96,
http://www.nserc-crsng.gc.ca/Disclosure-Divulgation/ContractDetail-DetailContrat_eng.asp?Year=2007&PID=4&ID=134,"Natural Sciences and Engineering Research Council of Canada","OMERS REALTY CORPORATION",N7-6224,2007-12-06,"Other Professional Services not Elsewhere Specified","2007-12-01 to 2008-06-30",2007-12-01,14583.09,
http://www.nserc-crsng.gc.ca/Disclosure-Divulgation/ContractDetail-DetailContrat_eng.asp?Year=2007&PID=4&ID=135,"Natural Sciences and Engineering Research Council of Canada","KNOWCON INC",N7-2505,2007-12-10,"Information Technology Consultants","2007-12-17 to 2008-08-29",2007-12-17,83952.00,
http://www.nserc-crsng.gc.ca/Disclosure-Divulgation/ContractDetail-DetailContrat_eng.asp?Year=2007&PID=4&ID=136,"Natural Sciences and Engineering Research Council of Canada","TEKNION FURNITURE SYSTEMS",N7-9033,2007-12-20,"Office Furniture and Furnishings, Including Parts","2007-11-21 to 2008-01-15",2007-11-21,15144.08,
http://www.nserc-crsng.gc.ca/Disclosure-Divulgation/ContractDetail-DetailContrat_eng.asp?Year=2007&PID=4&ID=137,"Natural Sciences and Engineering Research Council of Canada","CARMEL ART GALLERY LIMITED",N7-6225,2007-12-10,"Other Professional Services not Elsewhere Specified","2007-11-21 to 09-03-31",2007-11-21,19525.20,
http://www.nserc-crsng.gc.ca/Disclosure-Divulgation/ContractDetail-DetailContrat_eng.asp?Year=2007&PID=4&ID=138,"Natural Sciences and Engineering Research Council of Canada",SPHERION,N7-6501,2007-12-12,"Temporary Help Services","2007-12-12 to 2008-03-31",2007-12-12,45156.00,
http://www.nserc-crsng.gc.ca/Disclosure-Divulgation/ContractDetail-DetailContrat_eng.asp?Year=2007&PID=3&ID=96,"Natural Sciences and Engineering Research Council of Canada","THE GORDON GROUP",N7-6011,2007-04-04,"Other Professional Services not Elsewhere Specified","2007-04-04 to 2007-05-04",2007-04-04,10303.20,
http://www.nserc-crsng.gc.ca/Disclosure-Divulgation/ContractDetail-DetailContrat_eng.asp?Year=2007&PID=3&ID=97,"Natural Sciences and Engineering Research Council of Canada","GLOBAL REWARDS INC.",N7-7003,2007-06-06,"Office and Stationers Supplies","2007-06-06 to 2007-08-24",2007-06-06,12031.00,
http://www.nserc-crsng.gc.ca/Disclosure-Divulgation/ContractDetail-DetailContrat_eng.asp?Year=2007&PID=3&ID=98,"Natural Sciences and Engineering Research Council of Canada","ACCESS 2 NETWORKS INC.",N7-2009,2007-06-25,"Information Technology Consultants","2007-07-01 to 2008-03-31",2007-07-01,23555.00,
http://www.nserc-crsng.gc.ca/Disclosure-Divulgation/ContractDetail-DetailContrat_eng.asp?Year=2007&PID=3&ID=99,"Natural Sciences and Engineering Research Council of Canada","MTS ALLSTREAM INC.",N7-2006C,2007-07-01,"Computer Equipment - Hardware and Software","2007-07-01 to 2008-03-31",2007-07-01,11393.34,
http://www.nserc-crsng.gc.ca/Disclosure-Divulgation/ContractDetail-DetailContrat_eng.asp?Year=2007&PID=3&ID=100,"Natural Sciences and Engineering Research Council of Canada","EKOS RESEARCH ASSOCIATES INC",N7-3010,2007-07-10,"Other Professional Services not Elsewhere Specified","2007-07-11 to 2007-12-31",2007-07-11,24933.32,
http://www.nserc-crsng.gc.ca/Disclosure-Divulgation/ContractDetail-DetailContrat_eng.asp?Year=2007&PID=3&ID=101,"Natural Sciences and Engineering Research Council of Canada","SOFTCHOICE CORPORATION",N7-9014,2007-07-16,"Computer Equipment - Hardware and Software","2007-07-23 to 2007-08-15",2007-07-23,38997.40,
http://www.nserc-crsng.gc.ca/Disclosure-Divulgation/ContractDetail-DetailContrat_eng.asp?Year=2007&PID=3&ID=102,"Natural Sciences and Engineering Research Council of Canada","THE PEOPLE BANK",N7-6052,2007-07-18,"Temporary Help Services","2007-08-07 to 2007-12-21",2007-08-07,22018.32,
http://www.nserc-crsng.gc.ca/Disclosure-Divulgation/ContractDetail-DetailContrat_eng.asp?Year=2007&PID=3&ID=103,"Natural Sciences and Engineering Research Council of Canada","DELTA PARTNERS INC.",N7-2504,2007-07-20,"Management Consulting","2007-07-23 to 2007-12-31",2007-07-23,74995.00,
http://www.nserc-crsng.gc.ca/Disclosure-Divulgation/ContractDetail-DetailContrat_eng.asp?Year=2007&PID=3&ID=104,"Natural Sciences and Engineering Research Council of Canada","TIREE FACILITY SOLUTIONS",N7-3501,2007-07-26,"Other Professional Services not Elsewhere Specified","2007-07-26 to 2008-03-31",2007-07-26,26500.00,
http://www.nserc-crsng.gc.ca/Disclosure-Divulgation/ContractDetail-DetailContrat_eng.asp?Year=2007&PID=3&ID=105,"Natural Sciences and Engineering Research Council of Canada","TIREE FACILITY SOLUTIONS",N7-3500,2007-07-26,"Other Professional Services not Elsewhere Specified","2007-07-26 to 2008-03-31",2007-07-26,42400.00,
http://www.nserc-crsng.gc.ca/Disclosure-Divulgation/ContractDetail-DetailContrat_eng.asp?Year=2007&PID=3&ID=106,"Natural Sciences and Engineering Research Council of Canada","DOVERCOURT EDITORIAL SERVICES",N7-6062,2007-08-03,"Publishing Services","2007-08-03 to 2007-12-31",2007-08-03,14310.00,
http://www.nserc-crsng.gc.ca/Disclosure-Divulgation/ContractDetail-DetailContrat_eng.asp?Year=2007&PID=3&ID=107,"Natural Sciences and Engineering Research Council of Canada","SECURE TECHNOLOGIES",N7-9016,2007-08-03,"Computer Equipment - Hardware and Software","2007-08-20 to 2007-09-10",2007-08-20,38997.40,
http://www.nserc-crsng.gc.ca/Disclosure-Divulgation/ContractDetail-DetailContrat_eng.asp?Year=2007&PID=3&ID=108,"Natural Sciences and Engineering Research Council of Canada","SOUND VENTURE PRODUCTIONS OTTAWA",N7-2502A,2007-08-07,"Audio-visual Services","2007-10-29 to 2007-11-30",2007-10-29,79518.02,
http://www.nserc-crsng.gc.ca/Disclosure-Divulgation/ContractDetail-DetailContrat_eng.asp?Year=2007&PID=3&ID=109,"Natural Sciences and Engineering Research Council of Canada","EKOS RESEARCH ASSOCIATES INC",N7-3014,2007-08-13,"Other Professional Services not Elsewhere Specified","2007-08-14 to 2007-10-17",2007-08-14,21036.76,
http://www.nserc-crsng.gc.ca/Disclosure-Divulgation/ContractDetail-DetailContrat_eng.asp?Year=2007&PID=3&ID=110,"Natural Sciences and Engineering Research Council of Canada","SHARP ELECTRONICS OF CANADA",N7-9018,2007-08-28,"Rental of Computer Equipment","2007-09-04 to 2010-08-31",2007-09-04,21123.68,
http://www.nserc-crsng.gc.ca/Disclosure-Divulgation/ContractDetail-DetailContrat_eng.asp?Year=2007&PID=3&ID=111,"Natural Sciences and Engineering Research Council of Canada","CALIAN LTD",N7-6067,2007-08-31,"Temporary Help Services","2007-09-04 to 2008-01-31",2007-09-04,22260.00,
http://www.nserc-crsng.gc.ca/Disclosure-Divulgation/ContractDetail-DetailContrat_eng.asp?Year=2007&PID=3&ID=112,"Natural Sciences and Engineering Research Council of Canada","ACR COMMUNICATIONS INC",N7-2017,2007-09-04,"Communications Professional Services not Elsewhere Specified","2007-09-04 to 2007-10-15",2007-09-04,19080.00,
http://www.nserc-crsng.gc.ca/Disclosure-Divulgation/ContractDetail-DetailContrat_eng.asp?Year=2007&PID=3&ID=113,"Natural Sciences and Engineering Research Council of Canada","EXCEL HUMAN RESOURCES",N7-6069,2007-09-05,"Temporary Help Services","2007-09-10 to 2007-12-21",2007-09-10,11839.14,
http://www.nserc-crsng.gc.ca/Disclosure-Divulgation/ContractDetail-DetailContrat_eng.asp?Year=2007&PID=3&ID=114,"Natural Sciences and Engineering Research Council of Canada","HAY GROUP LTD",N7-3502,2007-09-13,"Other Professional Services not Elsewhere Specified","2007-09-13 to 2008-03-31",2007-09-13,57120.00,
http://www.nserc-crsng.gc.ca/Disclosure-Divulgation/ContractDetail-DetailContrat_eng.asp?Year=2007&PID=3&ID=115,"Natural Sciences and Engineering Research Council of Canada","RAY AND BERNDTSON",N7-3503,2007-09-21,"Other Professional Services not Elsewhere Specified","2007-09-24 to 2007-12-21",2007-09-24,50502.38,
http://www.nserc-crsng.gc.ca/Disclosure-Divulgation/ContractDetail-DetailContrat_eng.asp?Year=2007&PID=2&ID=56,"Natural Sciences and Engineering Research Council of Canada","HAY GROUP LTD",N7-6001,2007-04-01,"Purchase of Training Packages and Courses","2007-04-01 to 2007-07-30",2007-04-01,18020.00,
http://www.nserc-crsng.gc.ca/Disclosure-Divulgation/ContractDetail-DetailContrat_eng.asp?Year=2007&PID=2&ID=57,"Natural Sciences and Engineering Research Council of Canada","JANET MAIRS AND COLLEAGUES INC",N7-6000,2007-04-01,"Purchase of Training Packages and Courses","2007-04-01 to 2007-06-30",2007-04-01,20913.80,
http://www.nserc-crsng.gc.ca/Disclosure-Divulgation/ContractDetail-DetailContrat_eng.asp?Year=2007&PID=2&ID=58,"Natural Sciences and Engineering Research Council of Canada","SHARP ELECTRONICS OF CANADA",N7-6002,2007-04-01,"Rental of Machinery, Office Furniture and Fixtures and Other Equipment","2007-04-01 to 2008-03-31",2007-04-01,24231.60,
http://www.nserc-crsng.gc.ca/Disclosure-Divulgation/ContractDetail-DetailContrat_eng.asp?Year=2007&PID=2&ID=59,"Natural Sciences and Engineering Research Council of Canada","SHARP ELECTRONICS OF CANADA",N7-6003,2007-04-02,"Rental of Computer Equipment","2007-04-02 to 2010-03-31",2007-04-02,18367.68,
http://www.nserc-crsng.gc.ca/Disclosure-Divulgation/ContractDetail-DetailContrat_eng.asp?Year=2007&PID=2&ID=60,"Natural Sciences and Engineering Research Council of Canada","SHARP ELECTRONICS OF CANADA",N7-6004,2007-04-02,"Rental of Computer Equipment","2007-04-02 to 2008-03-31",2007-04-02,18367.68,
http://www.nserc-crsng.gc.ca/Disclosure-Divulgation/ContractDetail-DetailContrat_eng.asp?Year=2007&PID=2&ID=61,"Natural Sciences and Engineering Research Council of Canada","SHARP ELECTRONICS OF CANADA",N7-6005,2007-04-02,"Rental of Computer Equipment","2007-04-02 to 2008-03-31",2007-04-02,18367.68,
http://www.nserc-crsng.gc.ca/Disclosure-Divulgation/ContractDetail-DetailContrat_eng.asp?Year=2007&PID=2&ID=62,"Natural Sciences and Engineering Research Council of Canada","BRAINHUNTER OTTAWA INC.",N7-6006,2007-04-02,"Information Technology Consultants","2007-04-02 to 2007-05-25",2007-04-02,24311.10,
http://www.nserc-crsng.gc.ca/Disclosure-Divulgation/ContractDetail-DetailContrat_eng.asp?Year=2007&PID=2&ID=63,"Natural Sciences and Engineering Research Council of Canada","ACTION PERSONNEL",N7-6007,2007-04-10,"Temporary Help Services","2007-04-10 to 2007-08-31",2007-04-10,16542.36,
http://www.nserc-crsng.gc.ca/Disclosure-Divulgation/ContractDetail-DetailContrat_eng.asp?Year=2007&PID=2&ID=64,"Natural Sciences and Engineering Research Council of Canada","KISHCHUK, NATALIE PHD",N7-3004,2007-04-04,"Other Professional Services not Elsewhere Specified","2007-04-04 to 2007-07-31",2007-04-04,19357.72,
http://www.nserc-crsng.gc.ca/Disclosure-Divulgation/ContractDetail-DetailContrat_eng.asp?Year=2007&PID=2&ID=65,"Natural Sciences and Engineering Research Council of Canada","R3D CONSULTING INC.",N7-2000,2007-04-16,"Information Technology Consultants","2007-04-16 to 2007-06-29",2007-04-16,24327.00,
http://www.nserc-crsng.gc.ca/Disclosure-Divulgation/ContractDetail-DetailContrat_eng.asp?Year=2007&PID=2&ID=66,"Natural Sciences and Engineering Research Council of Canada","HILL AND KNOWLTON",N7-6009,2007-04-04,"Other Professional Services not Elsewhere Specified","2007-04-04 to 2007-07-06",2007-04-04,24910.00,
http://www.nserc-crsng.gc.ca/Disclosure-Divulgation/ContractDetail-DetailContrat_eng.asp?Year=2007&PID=2&ID=67,"Natural Sciences and Engineering Research Council of Canada","GAIL BERGMAN PR",N7-6012,2007-04-20,"Communications Professional Services not Elsewhere Specified","2007-04-20 to 2007-06-29",2007-04-20,15900.00,
http://www.nserc-crsng.gc.ca/Disclosure-Divulgation/ContractDetail-DetailContrat_eng.asp?Year=2007&PID=2&ID=68,"Natural Sciences and Engineering Research Council of Canada","DOVERCOURT EDITORIAL SERVICES",N7-2001A,2007-04-30,"Communications Professional Services not Elsewhere Specified","2007-04-30 to 2007-06-29",2007-04-30,29468.00,
http://www.nserc-crsng.gc.ca/Disclosure-Divulgation/ContractDetail-DetailContrat_eng.asp?Year=2007&PID=2&ID=69,"Natural Sciences and Engineering Research Council of Canada","EXCEL HUMAN RESOURCES",N7-6500,2007-04-26,"Temporary Help Services","2007-04-26 to 2007-10-31",2007-04-26,24560.25,
http://www.nserc-crsng.gc.ca/Disclosure-Divulgation/ContractDetail-DetailContrat_eng.asp?Year=2007&PID=2&ID=70,"Natural Sciences and Engineering Research Council of Canada","OMERS REALTY CORPORATION",N7-6013,2007-04-01,"Office Buildings","2007-04-01 to 2008-03-31",2007-04-01,23320.00,
http://www.nserc-crsng.gc.ca/Disclosure-Divulgation/ContractDetail-DetailContrat_eng.asp?Year=2007&PID=2&ID=71,"Natural Sciences and Engineering Research Council of Canada","CANADIAN MANAGEMENT CENTER",N7-3001A,2007-04-01,"Purchase of Training Packages and Courses","2007-04-01 to 2007-04-30",2007-04-01,11342.00,
http://www.nserc-crsng.gc.ca/Disclosure-Divulgation/ContractDetail-DetailContrat_eng.asp?Year=2007&PID=2&ID=72,"Natural Sciences and Engineering Research Council of Canada",PWGSC,N7-2003A,2007-05-03,"Public Relations Services","2007-05-03 to 2008-03-31",2007-05-03,11342.00,
http://www.nserc-crsng.gc.ca/Disclosure-Divulgation/ContractDetail-DetailContrat_eng.asp?Year=2007&PID=2&ID=73,"Natural Sciences and Engineering Research Council of Canada","SECURE TECHNOLOGIES",N7-9004,2007-05-07,"Computer Equipment-Large/Medium-Mainframe, Mini","2007-05-07 to 2007-05-31",2007-05-07,28096.32,
http://www.nserc-crsng.gc.ca/Disclosure-Divulgation/ContractDetail-DetailContrat_eng.asp?Year=2007&PID=2&ID=74,"Natural Sciences and Engineering Research Council of Canada",SPHERION,N7-6027,2007-05-07,"Temporary Help Services","2007-05-07 to 2007-09-10",2007-05-07,15209.39,
http://www.nserc-crsng.gc.ca/Disclosure-Divulgation/ContractDetail-DetailContrat_eng.asp?Year=2007&PID=2&ID=75,"Natural Sciences and Engineering Research Council of Canada",SIMPLEX,N7-9005,2007-05-11,"Other Business Services not Elsewhere Specified","2007-05-11 to 2007-07-06",2007-05-11,14514.58,
http://www.nserc-crsng.gc.ca/Disclosure-Divulgation/ContractDetail-DetailContrat_eng.asp?Year=2007&PID=2&ID=76,"Natural Sciences and Engineering Research Council of Canada","SHARP ELECTRONICS OF CANADA",N7-6030,2007-05-21,"Rental of Computer Equipment","2007-05-21 to 2008-03-31",2007-05-21,20487.68,
http://www.nserc-crsng.gc.ca/Disclosure-Divulgation/ContractDetail-DetailContrat_eng.asp?Year=2007&PID=2&ID=77,"Natural Sciences and Engineering Research Council of Canada","DUVAL, SYLVIANE",N7-2005,2007-05-14,"Communications Professional Services not Elsewhere Specified","2007-05-14 to 2007-05-31",2007-05-14,11660.00,
http://www.nserc-crsng.gc.ca/Disclosure-Divulgation/ContractDetail-DetailContrat_eng.asp?Year=2007&PID=2&ID=78,"Natural Sciences and Engineering Research Council of Canada","SHARP ELECTRONICS OF CANADA",N7-6029,2007-05-21,"Rental of Computer Equipment","2007-05-21 to 2010-05-31",2007-05-21,20487.68,
http://www.nserc-crsng.gc.ca/Disclosure-Divulgation/ContractDetail-DetailContrat_eng.asp?Year=2007&PID=2&ID=79,"Natural Sciences and Engineering Research Council of Canada","TIREE FACILITY SOLUTIONS",N7-3006,2007-05-22,"Other Professional Services not Elsewhere Specified","2007-05-22 to 2007-11-30",2007-05-22,24274.00,
http://www.nserc-crsng.gc.ca/Disclosure-Divulgation/ContractDetail-DetailContrat_eng.asp?Year=2007&PID=2&ID=80,"Natural Sciences and Engineering Research Council of Canada","CONTRACT FURNITURE SOURCE INC",N7-9008,2007-05-16,"Office Furniture and Furnishings, Including Parts","2007-05-16 to 2007-06-30",2007-05-16,11402.21,
http://www.nserc-crsng.gc.ca/Disclosure-Divulgation/ContractDetail-DetailContrat_eng.asp?Year=2007&PID=2&ID=81,"Natural Sciences and Engineering Research Council of Canada","WHITE KNIGHT PROMOTIONS",N7-9009,2007-05-21,"Miscellaneous Manufactured Articles","2007-05-21 to 2007-06-15",2007-05-21,11042.40,
http://www.nserc-crsng.gc.ca/Disclosure-Divulgation/ContractDetail-DetailContrat_eng.asp?Year=2007&PID=2&ID=82,"Natural Sciences and Engineering Research Council of Canada","STROMA SERVICE CONSULTING INC.",N5-2501E,2007-04-01,"Information Technology Consultants","2007-04-01 to 2008-03-31",2007-04-01,166400.14,
http://www.nserc-crsng.gc.ca/Disclosure-Divulgation/ContractDetail-DetailContrat_eng.asp?Year=2007&PID=2&ID=83,"Natural Sciences and Engineering Research Council of Canada","BARRINGTON RESEARCH GROUP INC.",N7-3005A,2007-05-16,"Other Professional Services not Elsewhere Specified","2007-05-16 to 2007-07-31",2007-05-16,24983.02,
http://www.nserc-crsng.gc.ca/Disclosure-Divulgation/ContractDetail-DetailContrat_eng.asp?Year=2007&PID=2&ID=84,"Natural Sciences and Engineering Research Council of Canada","SECURIT RECORDS MANAGEMENT",N7-2503,2007-06-01,"Other Professional Services not Elsewhere Specified","2007-06-01 to 2007-10-30",2007-06-01,67840.00,
http://www.nserc-crsng.gc.ca/Disclosure-Divulgation/ContractDetail-DetailContrat_eng.asp?Year=2007&PID=2&ID=85,"Natural Sciences and Engineering Research Council of Canada","MURRAY MANAGEMENT CONSULT.INC",N7-2501,2007-06-07,"Accounting and Audit Services","2007-06-07 to 2007-11-30",2007-06-07,76320.00,
http://www.nserc-crsng.gc.ca/Disclosure-Divulgation/ContractDetail-DetailContrat_eng.asp?Year=2007&PID=2&ID=86,"Natural Sciences and Engineering Research Council of Canada","CALIAN LTD",N7-6017,2007-05-01,"Temporary Help Services","2007-05-01 to 2007-07-31",2007-05-01,16768.48,
http://www.nserc-crsng.gc.ca/Disclosure-Divulgation/ContractDetail-DetailContrat_eng.asp?Year=2007&PID=2&ID=87,"Natural Sciences and Engineering Research Council of Canada","HAYS SPECIALIST RECRUITMENT CA",N7-6018,2007-05-01,"Temporary Help Services","2007-05-01 to 2007-07-31",2007-05-01,19055.09,
http://www.nserc-crsng.gc.ca/Disclosure-Divulgation/ContractDetail-DetailContrat_eng.asp?Year=2007&PID=2&ID=88,"Natural Sciences and Engineering Research Council of Canada","ALLEN MAINTENANCE LTEE",N7-6033A,2007-04-01,"Office Buildings","2007-04-01 to 2008-03-31",2007-04-01,12730.60,
http://www.nserc-crsng.gc.ca/Disclosure-Divulgation/ContractDetail-DetailContrat_eng.asp?Year=2007&PID=2&ID=89,"Natural Sciences and Engineering Research Council of Canada","HARRINGTON STAFFING SERVICES",N7-6039,2007-06-18,"Temporary Help Services","2007-06-18 to 2007-09-28",2007-06-18,11991.78,
http://www.nserc-crsng.gc.ca/Disclosure-Divulgation/ContractDetail-DetailContrat_eng.asp?Year=2007&PID=2&ID=90,"Natural Sciences and Engineering Research Council of Canada","NOVA NETWORKS INC.",N7-9013,2007-06-15,"Computer Equipment-Large/Medium-Mainframe, Mini","2007-06-15 to 2007-06-29",2007-06-15,38687.90,
http://www.nserc-crsng.gc.ca/Disclosure-Divulgation/ContractDetail-DetailContrat_eng.asp?Year=2007&PID=2&ID=91,"Natural Sciences and Engineering Research Council of Canada","ARTEMP PERSONNEL SERVICES INC",N7-6044,2007-06-18,"Temporary Help Services","2007-06-18 to 2007-11-02",2007-06-18,13923.00,
http://www.nserc-crsng.gc.ca/Disclosure-Divulgation/ContractDetail-DetailContrat_eng.asp?Year=2007&PID=2&ID=92,"Natural Sciences and Engineering Research Council of Canada","NORMAND, PIERRE COMM.-CONSEIL",N7-2007,2007-06-15,"Communications Professional Services not Elsewhere Specified","2007-06-15 to 2007-09-30",2007-06-15,24592.00,
http://www.nserc-crsng.gc.ca/Disclosure-Divulgation/ContractDetail-DetailContrat_eng.asp?Year=2007&PID=2&ID=93,"Natural Sciences and Engineering Research Council of Canada","SECURIT RECORDS MANAGEMENT",N7-2008,2007-06-19,"Transportation of Things not Elsewhere Specified","2007-06-19 to 2008-03-31",2007-06-19,12508.00,
http://www.nserc-crsng.gc.ca/Disclosure-Divulgation/ContractDetail-DetailContrat_eng.asp?Year=2007&PID=2&ID=94,"Natural Sciences and Engineering Research Council of Canada","CTC TRAINCANADA",N7-6046,2007-06-12,"Purchase of Training Packages and Courses","2007-06-12 to 2007-10-31",2007-06-12,10600.00,
http://www.nserc-crsng.gc.ca/Disclosure-Divulgation/ContractDetail-DetailContrat_eng.asp?Year=2007&PID=2&ID=95,"Natural Sciences and Engineering Research Council of Canada","EDMONTON CHAMBER OF COMMERCE",N7-6051,2007-06-20,"Other Professional Services not Elsewhere Specified","2007-06-20 to 2007-06-28",2007-06-20,24557.55,
